pwm,voltage,speed
176,2.202417,12.45922
163,2.204834,11.05883
42,2.19436,1.314481
240,2.2,18.39082
202,2.195972,14.2862
35,2.195972,0
247,2.196777,19.75
217,2.200806,15.609
64,2.2,3.020147
129,2.196777,8.367718
163,2.204028,11.10944
111,2.209668,6.810657
247,2.191943,19.0169
41,2.209668,0
205,2.21128,14.59672
98,2.198389,5.565207
110,2.208862,6.670813
15,2.206445,0
197,2.206445,13.71252
26,2.204834,0
68,2.208057,3.128048
16,2.191943,0
114,2.208862,6.909368
234,2.212085,16.55806
98,2.206445,5.722849
3,2.208057,0
204,2.206445,14.30663
110,2.19436,6.634972
178,2.208057,12.17445
200,2.208862,13.7454
28,2.203223,0
138,2.214502,8.813261
139,2.195972,9.018288
52,2.208057,2.033251
150,2.208862,9.92272
167,2.207251,11.23442
215,2.21128,15.04465
237,2.208862,17.17412
45,2.208862,0
236,2.200806,17.0865
130,2.195972,8.259698
9,2.196777,0
146,2.206445,9.754924
99,2.206445,5.796767
193,2.206445,13.18025
211,2.208057,14.79664
94,2.204834,5.237105
195,2.18872,13.53376
25,2.197583,0
7,2.2,0
238,2.206445,17.57495
130,2.199194,8.320822
177,2.207251,12.10036
231,2.206445,15.65692
228,2.208862,16.17393
148,2.19436,9.723163
182,2.207251,12.2221
253,2.216114,19.35933
31,2.206445,0
193,2.204028,13.45482
184,2.208862,12.72992
41,2.192749,0
161,2.206445,10.63807
167,2.20564,11.20653
103,2.208862,6.114356
127,2.208862,8.078608
4,2.207251,0
2,2.206445,0
251,2.21128,19.15512
162,2.2,10.97109
65,2.208862,2.743121
253,2.208057,19.29228
192,2.209668,13.20863
175,2.191943,11.77155
24,2.208057,0
98,2.206445,5.4946
140,2.215308,9.106647
15,2.206445,0
49,2.199194,0
113,2.206445,6.932268
18,2.198389,0
255,2.198389,19.32836
33,2.206445,0
52,2.195972,1.859307
219,2.206445,15.49766
210,2.208862,14.79664
82,2.198389,4.424093
54,2.208057,2.215738
18,2.200806,0
18,2.206445,0
253,2.20564,19.07371
99,2.208862,5.588571
151,2.207251,9.879844
56,2.207251,2.079597
44,2.208057,0
65,2.204834,3.246882
18,2.198389,0
21,2.195166,0
7,2.202417,0
21,2.195972,0
134,2.200806,8.77339
162,2.206445,11.12651
7,2.198389,0
198,2.2,13.97767
216,2.196777,15.4334
122,2.209668,7.679879
47,2.195972,0
179,2.195166,12.23609
181,2.208862,11.92156
154,2.21128,10.4494
189,2.208057,13.12102
175,2.204834,11.94858
70,2.208057,3.382334
143,2.208057,9.537608
65,2.209668,2.805028
15,2.207251,0
6,2.20564,0
180,2.207251,12.21801
72,2.208057,3.44177
61,2.192749,2.67637
160,2.208057,10.77903
180,2.220948,12.59781
95,2.204834,5.462633
125,2.206445,7.951548
80,2.208057,4.292204
59,2.208862,2.597019
218,2.206445,15.22458
57,2.209668,2.423657
126,2.208862,7.986396
31,2.21853,0
28,2.20564,0
205,2.20564,14.48687
231,2.201611,16.4452
235,2.215308,16.8725
194,2.196777,13.42217
220,2.208057,15.48071
251,2.193554,19.3684
178,2.208057,12.40991
72,2.207251,3.426836
155,2.207251,10.35087
214,2.215308,15.0699
130,2.200806,8.367451
72,2.214502,3.63258
131,2.207251,8.441057
181,2.193554,12.56205
140,2.199194,9.189006
218,2.20564,15.18602
181,2.20564,11.51593
255,2.207251,19.21041
88,2.208862,4.723021
72,2.20564,3.315168
126,2.220142,7.544035
31,2.208057,0
235,2.220142,16.66327
220,2.192749,15.36036
73,2.206445,3.544271
166,2.206445,11.16876
185,2.191138,12.66833
212,2.20564,14.74275
244,2.206445,19.37795
126,2.20564,8.153881
133,2.193554,8.472335
173,2.20564,11.86779
193,2.207251,13.9573
225,2.203223,16.12893
189,2.201611,12.96721
81,2.216114,3.995148
26,2.207251,0
112,2.208057,6.702723
11,2.19436,0
247,2.208057,19.12573
185,2.190332,12.66281
141,2.20564,9.248138
105,2.20564,6.212316
249,2.206445,18.64071
34,2.208057,0
86,2.208057,4.529401
83,2.208057,4.382961
8,2.207251,0
56,2.207251,0
43,2.199194,0
201,2.208057,14.40886
92,2.207251,5.19689
88,2.207251,4.821352
69,2.207251,3.357471
114,2.209668,6.917522
214,2.191943,15.06196
247,2.208862,19.209
167,2.21128,11.45071
210,2.206445,15.01014
65,2.207251,2.961186
23,2.206445,0
162,2.208057,10.88457
0,2.208057,0
206,2.207251,14.66485
200,2.208057,14.0919
139,2.204834,9.237316
109,2.204834,6.62691
67,2.209668,3.062113
196,2.208862,13.79707
180,2.208057,12.18182
164,2.212891,11.1717
62,2.207251,2.535784
162,2.207251,10.7664
187,2.209668,13.03176
40,2.208862,0
185,2.209668,12.5477
166,2.21128,11.44211
77,2.206445,4.014066
31,2.220948,0
107,2.195166,6.463624
166,2.206445,11.28138
252,2.207251,19.3474
122,2.207251,7.600174
39,2.200806,0
116,2.208862,7.261112
89,2.201611,4.947701
8,2.20564,0
152,2.208057,10.18344
114,2.208057,7.058394
69,2.208057,3.128559
187,2.209668,12.95128
133,2.208057,8.615271
23,2.204028,0
171,2.20564,11.79604
55,2.200806,2.230424
194,2.206445,13.63752
112,2.206445,6.901657
11,2.204028,0
185,2.204834,12.6059
112,2.195166,6.860122
105,2.203223,6.33041
207,2.206445,14.66855
29,2.204834,0
187,2.20564,12.79734
126,2.207251,7.939731
185,2.19436,13.00124
2,2.216114,0
32,2.206445,0
79,2.208862,4.290234
181,2.207251,12.50983
50,2.207251,1.876154
71,2.204834,3.57973
17,2.208057,0
218,2.206445,16.0794
110,2.213696,6.840971
224,2.207251,16.18377
171,2.208057,11.69461
49,2.208862,1.535129
98,2.204028,5.691415
143,2.204834,9.499482
252,2.204834,19.10851
242,2.19436,18.92982
78,2.20564,4.108193
140,2.207251,8.957552
222,2.20564,15.91631
107,2.208057,5.969568
110,2.209668,6.680459
159,2.20564,10.79808
120,2.20564,7.559283
237,2.204834,18.61222
105,2.209668,6.320476
219,2.195972,15.5349
44,2.207251,0
191,2.206445,13.71371
13,2.206445,0
192,2.207251,13.47236
15,2.21128,0
191,2.204834,13.3324
234,2.209668,16.96526
176,2.199194,12.12483
208,2.207251,14.69723
123,2.204834,7.679767
111,2.207251,6.856409
78,2.199194,4.195077
157,2.208862,10.88442
137,2.200806,8.87897
224,2.204028,15.91969
144,2.206445,9.647796
190,2.206445,13.29336
181,2.204834,12.52998
37,2.21128,0
46,2.20564,0
67,2.203223,0
1,2.208862,0
68,2.208862,3.325922
85,2.201611,4.776039
218,2.207251,15.73203
54,2.208057,2.170325
244,2.206445,19.62367
5,2.214502,0
60,2.208057,0
103,2.21128,5.932839
147,2.208057,9.795926
185,2.207251,12.87876
214,2.20564,15.18675
11,2.206445,0
183,2.20564,12.45784
48,2.209668,1.469417
235,2.208057,17.29742
110,2.204834,6.617502
254,2.206445,19.39494
59,2.195972,2.489002
235,2.206445,16.98489
92,2.208057,5.082315
30,2.206445,0
35,2.206445,0
2,2.206445,0
244,2.207251,19.52585
216,2.206445,15.37931
245,2.206445,19.50936
159,2.208057,10.89832
246,2.206445,19.5577
73,2.195972,3.523181
57,2.207251,2.177642
228,2.206445,16.10644
87,2.196777,4.891222
193,2.212085,13.31364
242,2.206445,18.56229
194,2.209668,13.21063
148,2.206445,9.559898
243,2.196777,18.57743
178,2.2,12.19222
22,2.208057,0
44,2.199194,0
181,2.207251,12.48189
35,2.208057,0
190,2.20564,12.86937
103,2.207251,5.803621
3,2.220948,0
164,2.203223,11.13077
30,2.207251,0
205,2.209668,14.61519
96,2.20564,5.51176
26,2.206445,0
56,2.207251,2.314184
33,2.20564,0
107,2.209668,6.492853
15,2.208057,0
100,2.196777,5.923599
84,2.207251,4.607589
99,2.20564,5.836961
43,2.20564,0
237,2.20564,17.51752
99,2.206445,5.804543
100,2.198389,5.860218
3,2.204834,0
224,2.207251,15.84231
236,2.208057,17.2044
250,2.208057,19.79181
120,2.203223,7.267327
240,2.20564,18.18262
202,2.207251,13.92538
150,2.196777,9.67698
65,2.21128,3.166909
164,2.208057,10.85209
168,2.20564,11.26075
40,2.220948,0
62,2.208057,2.596396
200,2.206445,13.80325
165,2.208057,11.21549
152,2.20564,9.996032
8,2.206445,0
123,2.207251,7.426793
49,2.206445,1.47294
228,2.20564,16.21953
234,2.207251,16.55491
189,2.234644,12.81885
203,2.208862,14.47912
183,2.196777,12.5197
83,2.191943,4.331964
95,2.207251,5.446155
70,2.192749,3.518896
222,2.208057,15.69196
81,2.192749,4.504528
58,2.18872,2.55666
142,2.206445,9.305556
141,2.208862,9.242479
158,2.20564,10.51227
28,2.208057,0
29,2.208862,0
156,2.212085,10.62411
96,2.207251,5.535398
102,2.206445,5.894657
241,2.206445,17.8597
135,2.20564,8.766291
183,2.207251,12.55271
17,2.20564,0
196,2.207251,13.63905
44,2.208057,0
80,2.2,4.367108
219,2.206445,15.61226
145,2.208057,9.344584
250,2.208057,19.62049
158,2.210474,10.34528
8,2.208057,0
95,2.206445,5.530545
130,2.208057,8.280992
33,2.192749,0
68,2.198389,3.308542
122,2.208862,6.919168
77,2.195972,3.881922
123,2.207251,7.63631
97,2.206445,5.607304
203,2.207251,14.17853
156,2.206445,10.43136
117,2.207251,7.035727
25,2.207251,0
51,2.207251,1.862938
250,2.208057,19.43333
49,2.204834,1.82985
142,2.190332,8.901361
110,2.207251,6.597462
106,2.20564,6.299034
132,2.206445,8.472472
31,2.199194,0
185,2.199194,12.50764
199,2.207251,14.67335
29,2.206445,0
231,2.206445,16.36758
11,2.208057,0
87,2.204834,4.934258
106,2.207251,6.468282
23,2.206445,0
20,2.20564,0
189,2.207251,13.14859
115,2.193554,7.248078
5,2.206445,0
2,2.207251,0
136,2.192749,8.656958
206,2.207251,14.69242
133,2.207251,8.7551
200,2.21128,13.96388
86,2.183081,4.593509
237,2.207251,17.51713
98,2.209668,5.785324
141,2.208057,8.874154
223,2.209668,15.62064
185,2.190332,12.62312
45,2.206445,1.191195
207,2.206445,14.17405
92,2.207251,5.255257
236,2.198389,16.72893
117,2.25398,7.140697
166,2.206445,10.98175
29,2.206445,0
161,2.20564,10.85681
143,2.206445,9.112352
242,2.208057,18.49475
130,2.212891,8.024544
227,2.200806,15.68616
197,2.208057,13.41988
71,2.186303,3.649569
178,2.196777,11.95276
101,2.183081,5.868955
235,2.209668,16.76661
212,2.21853,14.46619
206,2.206445,14.31262
232,2.207251,16.36911
4,2.206445,0
180,2.20564,12.09012
94,2.206445,5.213258
15,2.208057,0
131,2.199194,8.108382
122,2.195166,7.486007
63,2.208862,2.972752
166,2.20564,11.08928
240,2.20564,18.78291
251,2.206445,18.73073
252,2.20564,18.86729
168,2.206445,10.99897
246,2.20564,18.78157
198,2.207251,13.4734
235,2.193554,16.55544
99,2.206445,5.820696
159,2.208862,10.50707
68,2.208862,3.335839
148,2.20564,9.444082
4,2.203223,0
12,2.20564,0
81,2.195166,4.382545
41,2.193554,1.001542
172,2.208057,11.75693
215,2.207251,14.79302
8,2.20564,0
40,2.206445,1.092228
113,2.199194,6.670842
129,2.208057,7.877773
199,2.193554,13.80968
68,2.19436,3.429477
141,2.195166,8.823112
119,2.212891,7.344013
164,2.199194,10.87538
146,2.20564,9.440789
58,2.208057,2.450231
238,2.209668,17.45271
45,2.206445,1.573588
85,2.206445,4.640284
242,2.20564,18.66973
148,2.208862,9.451241
98,2.20564,5.643769
131,2.20564,8.102444
182,2.208862,12.25681
165,2.212085,11.06436
38,2.206445,0
19,2.206445,0
95,2.206445,5.561975
126,2.204834,7.937845
174,2.204834,12.14255
33,2.202417,0
20,2.208057,0
76,2.208057,3.980529
111,2.196777,6.918406
231,2.207251,16.56713
212,2.207251,14.87863
185,2.206445,12.99758
6,2.20564,0
146,2.20564,9.907762
164,2.207251,11.09837
168,2.20564,11.59627
129,2.206445,8.181657
98,2.208057,5.595917
79,2.2,4.046504
27,2.204028,0
134,2.206445,8.761597
9,2.20564,0
232,2.206445,16.91939
164,2.195972,11.05323
140,2.207251,9.297955
138,2.206445,9.008358
162,2.206445,11.11911
10,2.208862,0
88,2.208057,4.876417
22,2.190332,0
234,2.206445,17.126
184,2.208057,12.65343
220,2.206445,15.70498
134,2.212085,8.544692
46,2.208862,0
62,2.207251,3.007863
135,2.206445,8.68227
185,2.199194,12.84002
21,2.196777,0
119,2.21128,7.213893
85,2.209668,4.708396
62,2.206445,2.967788
171,2.210474,11.72464
199,2.207251,14.13998
137,2.199194,8.909742
45,2.2,1.457803
140,2.206445,9.102741
226,2.204834,16.36519
127,2.23545,8.024503
100,2.204834,5.864112
190,2.198389,13.29527
71,2.208862,3.585155
96,2.208057,5.364851
46,2.204834,1.512917
171,2.20564,11.75086
7,2.206445,0
195,2.198389,13.39916
213,2.208057,15.05589
22,2.207251,0
233,2.196777,16.72662
2,2.208057,0
218,2.206445,15.32963
246,2.215308,19.38585
146,2.208862,9.659246
33,2.20564,0
122,2.207251,7.503279
86,2.189526,4.763814
75,2.190332,3.968401
48,2.20564,0
50,2.206445,0
189,2.233033,13.00673
13,2.20564,0
140,2.199194,9.156226
70,2.207251,3.482062
189,2.206445,13.2436
242,2.206445,18.71288
168,2.207251,11.30671
174,2.199194,11.77509
142,2.206445,9.271502
51,2.206445,1.828323
171,2.20564,11.35912
247,2.200806,19.30603
0,2.206445,0
202,2.187109,14.36748
8,2.208862,0
99,2.206445,5.912897
115,2.201611,6.912834
115,2.208862,7.197959
72,2.20564,3.653142
124,2.208057,7.810866
159,2.207251,10.75932
215,2.209668,15.29202
24,2.18872,0
108,2.209668,6.59918
92,2.192749,5.096927
40,2.204834,1.158179
245,2.196777,19.30342
104,2.204834,6.290709
134,2.208862,8.7492
39,2.207251,0
180,2.212891,12.69833
200,2.208057,14.20661
185,2.206445,12.98834
101,2.20564,6.054495
60,2.206445,2.771723
132,2.220948,8.413568
105,2.20564,6.141057
108,2.20564,6.444927
166,2.204834,11.38448
187,2.20564,13.18623
169,2.206445,11.34698
207,2.204834,14.89796
155,2.20564,10.48687
220,2.206445,16.15929
123,2.215308,7.865899
163,2.206445,11.09014
122,2.20564,7.766416
124,2.206445,7.824288
239,2.202417,18.30765
190,2.212085,13.45735
91,2.207251,5.036266
67,2.20564,3.32891
27,2.191138,0
239,2.207251,18.55593
117,2.207251,7.318317
112,2.197583,6.915604
32,2.207251,0
189,2.212085,13.21274
15,2.208057,0
226,2.206445,16.10991
130,2.207251,8.51048
82,2.208057,4.554301
169,2.206445,11.31396
235,2.206445,17.26833
118,2.209668,7.607978
108,2.206445,6.439908
88,2.207251,5.025905
223,2.195972,16.20514
121,2.2,7.48772
58,2.207251,2.588268
73,2.198389,3.729478
164,2.204834,11.24745
214,2.181469,15.40374
105,2.206445,6.438376
214,2.208057,15.07381
193,2.207251,13.76575
244,2.199194,19.87469
221,2.206445,16.04999
70,2.20564,3.548852
90,2.206445,5.128026
20,2.207251,0
169,2.206445,11.73795
226,2.207251,16.26285
212,2.20564,15.08887
64,2.204028,3.059834
91,2.208057,5.167943
9,2.192749,0
18,2.20564,0
61,2.206445,2.912917
179,2.201611,12.46486
102,2.198389,6.052115
58,2.208057,0
167,2.21128,11.41484
64,2.202417,2.842741
85,2.206445,4.705773
41,2.207251,1.019764
170,2.203223,11.74928
121,2.208057,7.462286
136,2.195972,9.007274
220,2.208862,15.98807
181,2.199194,12.90033
211,2.20564,14.83913
134,2.208862,8.86449
108,2.208057,6.629315
23,2.208057,0
147,2.206445,10.4492
237,2.204834,18.08277
168,2.206445,11.57918
36,2.212891,0
176,2.213696,12.19714
166,2.20564,11.31005
63,2.212085,2.866485
151,2.2,10.14235
78,2.206445,4.11507
87,2.204834,4.923432
52,2.208057,2.030106
14,2.206445,0
168,2.206445,11.52514
193,2.206445,13.68576
115,2.206445,6.878205
234,2.207251,17.08279
186,2.195972,12.92443
254,2.20564,19.62318
163,2.204834,11.51003
29,2.208057,0
21,2.20564,0
11,2.197583,0
197,2.208057,14.00708
168,2.199194,11.42888
99,2.207251,5.663364
77,2.208862,3.864873
200,2.207251,13.92106
114,2.199194,7.111923
205,2.216114,14.51444
245,2.206445,19.7943
17,2.206445,0
172,2.191943,12.02496
209,2.212085,14.72714
204,2.191943,14.37813
94,2.206445,5.488266
219,2.195166,14.95826
66,2.208057,3.119259
208,2.204834,14.77687
54,2.20564,2.302097
38,2.209668,0
148,2.208057,9.859628
131,2.208057,8.345933
35,2.208057,0
111,2.20564,6.772279
7,2.203223,0
35,2.206445,0
206,2.212085,14.73294
94,2.20564,5.343463
203,2.208862,14.27867
23,2.20564,0
95,2.190332,5.416446
32,2.207251,0
12,2.197583,0
61,2.206445,2.859388
29,2.20564,0
254,2.201611,19.40884
3,2.206445,0
245,2.203223,19.33574
124,2.206445,7.910662
14,2.207251,0
100,2.20564,5.97009
112,2.209668,6.869932
108,2.20564,6.594139
145,2.216114,9.592767
171,2.195166,11.54853
233,2.207251,16.9132
238,2.21853,18.0651
72,2.208862,3.6215
77,2.206445,4.03973
80,2.189526,4.287857
173,2.206445,11.99246
193,2.206445,13.65032
36,2.208057,0
62,2.204834,2.89599
121,2.20564,7.55423
116,2.204834,7.233326
41,2.206445,0
157,2.18872,10.39333
8,2.208862,0
24,2.198389,0
222,2.207251,15.95819
160,2.208862,10.89839
4,2.204028,0
117,2.20564,7.16186
8,2.206445,0
163,2.204834,11.16931
4,2.203223,0
213,2.20564,15.00498
75,2.206445,3.709433
113,2.208057,7.116724
127,2.203223,8.152188
97,2.208862,5.704789
67,2.192749,3.105329
199,2.199194,14.17123
133,2.208057,8.545855
141,2.208057,9.25315
121,2.206445,7.85909
81,2.206445,4.458892
227,2.207251,16.28561
152,2.206445,10.29382
4,2.207251,0
239,2.200806,18.2955
168,2.204028,11.72901
40,2.207251,0
122,2.204834,7.625928
89,2.206445,4.984376
147,2.208057,9.602913
25,2.199194,0
117,2.204834,7.283164
252,2.181469,19.70565
243,2.20564,19.12527
196,2.207251,13.67706
48,2.196777,0
241,2.207251,18.7973
222,2.207251,16.08138
30,2.206445,0
82,2.20564,4.549907
181,2.209668,12.68715
239,2.207251,18.30744
39,2.204834,0
177,2.206445,12.2897
200,2.208057,14.10051
49,2.189526,0
195,2.214502,13.73963
206,2.190332,14.57315
142,2.213696,9.349144
43,2.206445,1.261092
118,2.209668,7.198323
24,2.193554,0
179,2.207251,12.19335
246,2.212085,19.56818
119,2.208057,7.625003
70,2.203223,3.411319
246,2.204834,19.55454
39,2.202417,1.0221
116,2.207251,7.021512
79,2.208862,3.960177
164,2.206445,11.34649
50,2.208057,1.961404
80,2.200806,4.375307
83,2.204834,4.357247
211,2.203223,15.18059
251,2.186303,19.45283
252,2.208057,18.68861
232,2.207251,16.84031
54,2.20564,2.195103
6,2.208862,0
104,2.196777,6.228129
7,2.206445,0
30,2.206445,0
214,2.207251,15.16491
224,2.208057,16.30523
43,2.208862,0
147,2.203223,9.85839
173,2.209668,11.91993
138,2.214502,8.85739
158,2.206445,10.66574
56,2.20564,0
206,2.20564,13.96499
16,2.195972,0
48,2.217725,0
152,2.204834,9.822082
172,2.20564,11.84979
194,2.196777,13.5652
57,2.208862,2.550495
255,2.206445,19.18179
204,2.206445,14.38287
133,2.202417,8.716767
6,2.225781,0
126,2.20564,8.148129
162,2.207251,11.01818
79,2.203223,4.211025
137,2.196777,8.995204
101,2.20564,6.102479
9,2.2,0
110,2.206445,6.563582
149,2.204028,9.994568
47,2.207251,0
67,2.204834,3.318789
29,2.20564,0
43,2.204834,0
48,2.20564,0
81,2.215308,4.527404
169,2.208057,11.45814
100,2.185498,5.961548
120,2.206445,7.359669
79,2.203223,4.062989
248,2.200806,19.33145
1,2.18872,0
218,2.195166,15.57202
255,2.206445,19.42396
35,2.186303,0
18,2.18872,0
137,2.204834,9.137478
109,2.206445,6.592533
178,2.204028,12.21773
238,2.195972,17.69433
149,2.213696,9.793972
210,2.206445,14.45048
146,2.189526,9.621264
247,2.206445,19.27807
221,2.20564,15.52017
95,2.207251,5.285069
210,2.208057,14.58059
72,2.207251,3.522944
196,2.206445,14.48874
251,2.20564,19.30176
55,2.206445,2.354213
161,2.208057,10.8962
35,2.207251,0
213,2.203223,15.30767
68,2.208057,3.242386
1,2.207251,0
105,2.207251,6.366562
164,2.207251,11.19048
88,2.192749,4.931113
194,2.206445,13.45125
26,2.195166,0
220,2.206445,15.6432
239,2.206445,17.66369
221,2.208057,15.40888
235,2.19436,16.92614
96,2.206445,5.609566
24,2.207251,0
147,2.20564,9.713363
209,2.206445,15.10047
227,2.197583,16.22891
215,2.207251,15.15847
5,2.208057,0
133,2.209668,8.301473
20,2.207251,0
191,2.207251,13.20863
38,2.20564,0
223,2.217725,16.01154
217,2.19436,15.74102
66,2.206445,3.06601
68,2.196777,3.452929
216,2.207251,15.17135
138,2.20564,9.142797
236,2.207251,17.2093
43,2.20564,1.052893
57,2.202417,2.221535
134,2.204834,8.413342
131,2.191943,8.340084
166,2.20564,11.11565
221,2.202417,16.39799
10,2.208862,0
205,2.20564,14.52491
173,2.204834,11.70062
93,2.20564,5.568245
215,2.206445,15.47278
78,2.206445,4.19834
149,2.204834,9.722982
251,2.204834,18.95861
165,2.198389,11.1779
81,2.208862,4.545049
129,2.208862,8.409154
92,2.207251,5.293243
35,2.186303,0
141,2.207251,9.062566
133,2.208057,8.574028
243,2.206445,18.7699
174,2.206445,12.09505
205,2.208862,14.56167
104,2.20564,6.27583
108,2.204834,6.645049
231,2.193554,16.58393
120,2.19436,7.682921
108,2.206445,6.570363
12,2.208057,0
158,2.20564,10.57078
62,2.195972,2.89376
226,2.206445,16.08483
176,2.208862,12.4531
44,2.206445,1.275938
171,2.204834,11.72534
123,2.204834,7.817008
195,2.204834,13.15024
47,2.209668,1.669927
102,2.199194,6.232824
212,2.234644,15.20248
174,2.185498,12.26638
9,2.206445,0
117,2.206445,7.446227
63,2.213696,2.779413
142,2.185498,9.397075
237,2.206445,17.7439
228,2.206445,16.72341
75,2.196777,4.109128
24,2.20564,0
181,2.2,12.9685
97,2.208862,5.80903
86,2.195166,4.604955
112,2.209668,6.866329
76,2.209668,4.099209
11,2.204028,0
219,2.213696,15.50607
79,2.206445,4.176928
183,2.20564,12.70367
184,2.18872,12.96721
215,2.19436,15.29604
177,2.207251,12.375
185,2.206445,12.86526
25,2.206445,0
54,2.196777,0
170,2.207251,11.60175
243,2.206445,18.47713
58,2.208057,2.57244
52,2.208057,2.086752
216,2.202417,15.09946
220,2.19436,15.52308
83,2.201611,4.471751
218,2.208057,15.344
157,2.208862,10.40731
7,2.206445,0
101,2.195972,5.846716
21,2.201611,0
255,2.204834,19.11177
210,2.189526,14.79761
13,2.208057,0
59,2.212085,2.439477
221,2.208057,15.55306
102,2.207251,5.997879
111,2.208057,6.601871
93,2.204834,5.26491
229,2.20564,16.20714
49,2.206445,1.743001
98,2.199194,5.758304
253,2.206445,19.20735
112,2.207251,7.074193
43,2.204834,1.273728
25,2.204834,0
80,2.207251,4.420956
29,2.2,0
0,2.214502,0
174,2.20564,11.89988
229,2.20564,16.5128
14,2.208862,0
213,2.207251,14.81031
238,2.203223,17.61121
89,2.208862,4.995203
199,2.196777,14.01971
110,2.206445,6.723177
177,2.208057,12.30916
156,2.206445,10.63087
7,2.208057,0
213,2.198389,15.34955
156,2.216114,10.56069
212,2.204834,14.94744
203,2.206445,14.51538
88,2.196777,4.96434
186,2.20564,13.07167
162,2.19436,11.24222
29,2.207251,0
166,2.207251,11.5292
114,2.204028,6.893177
127,2.207251,8.000674
248,2.208057,19.0751
1,2.207251,0
206,2.207251,14.32934
22,2.202417,0
187,2.203223,12.92624
197,2.201611,13.50479
201,2.208862,13.94776
120,2.203223,7.691649
223,2.207251,15.75381
74,2.208057,3.796762
74,2.206445,4.079758
54,2.207251,2.161146
20,2.207251,0
215,2.209668,15.05575
75,2.191943,3.875179
57,2.2,2.176984
54,2.208862,2.008082
204,2.20564,13.98476
252,2.206445,19.1262
199,2.2,14.23029
2,2.207251,0
204,2.20564,14.15821
70,2.191943,3.605531
202,2.207251,13.90873
172,2.20564,11.51349
186,2.197583,12.71426
218,2.203223,15.43507
17,2.220142,0
128,2.206445,8.249158
84,2.206445,4.797643
173,2.204834,11.88943
57,2.20564,2.527241
21,2.204834,0
116,2.196777,7.138978
92,2.20564,5.18877
103,2.195972,5.98385
196,2.187109,13.78569
138,2.206445,9.017149
255,2.208057,19.42612
171,2.207251,11.76626
215,2.208862,15.50944
155,2.208057,10.46598
9,2.206445,0
169,2.207251,11.69609
213,2.203223,14.47458
162,2.20564,10.90392
42,2.206445,0
234,2.2,17.31955
180,2.206445,12.5472
201,2.220948,14.0895
101,2.20564,5.969183
249,2.207251,19.46657
19,2.206445,0
1,2.208057,0
225,2.209668,16.34646
168,2.207251,11.47178
155,2.207251,10.58132
93,2.206445,5.587518
216,2.192749,15.5509
220,2.190332,15.66629
79,2.20564,4.23304
71,2.199194,3.464773
229,2.204834,16.11172
91,2.20564,5.269537
226,2.206445,16.27869
165,2.208057,11.35338
148,2.206445,10.0665
92,2.206445,5.128076
8,2.206445,0
128,2.20564,8.054374
208,2.214502,14.94204
191,2.216114,13.45159
96,2.207251,5.512069
89,2.189526,5.096844
170,2.212891,11.59088
153,2.206445,10.02596
74,2.206445,3.951281
189,2.206445,13.32199
72,2.199194,3.960117
66,2.200806,3.20756
195,2.203223,13.41243
73,2.207251,3.623412
137,2.204834,8.912927
86,2.204834,4.94686
238,2.206445,17.77321
89,2.20564,4.976449
44,2.20564,1.271824
99,2.206445,5.946743
94,2.206445,5.547772
13,2.204834,0
163,2.20564,11.02669
212,2.203223,15.20336
98,2.20564,5.795035
22,2.204834,0
21,2.206445,0
0,2.191943,0
65,2.204834,3.136261
201,2.185498,14.12701
131,2.208057,8.275669
73,2.21853,3.74855
105,2.204834,6.186527
228,2.208057,16.04097
17,2.208057,0
110,2.206445,6.837159
23,2.207251,0
221,2.206445,15.56554
145,2.200806,9.490529
72,2.207251,3.628644
94,2.204834,5.610588
22,2.209668,0
90,2.208057,5.068426
83,2.206445,4.624247
34,2.206445,0
205,2.208862,14.21599
208,2.204834,14.60269
77,2.207251,4.098396
65,2.200806,3.180465
164,2.207251,10.79363
253,2.207251,19.24665
34,2.206445,0
22,2.2,0
95,2.20564,5.599368
72,2.20564,3.791071
179,2.2,12.35272
21,2.193554,0
171,2.207251,11.39282
104,2.206445,6.283035
247,2.21128,19.3324
135,2.207251,8.559359
96,2.208057,5.459974
154,2.195166,9.963315
145,2.196777,9.468103
180,2.206445,12.09254
45,2.207251,0
62,2.20564,2.892289
76,2.198389,4.066103
166,2.204834,11.19678
26,2.206445,0
152,2.207251,10.06708
219,2.20564,15.31931
104,2.203223,6.37364
61,2.203223,2.574738
210,2.208057,14.82611
57,2.206445,2.599701
214,2.207251,15.04349
129,2.208862,8.036654
191,2.190332,13.5213
221,2.195972,15.78087
52,2.207251,2.069582
65,2.20564,3.076325
208,2.187915,15.09887
206,2.207251,14.81562
32,2.207251,0
15,2.206445,0
248,2.204834,19.29986
25,2.212891,0
82,2.207251,4.600842
252,2.191943,19.33835
226,2.208057,16.50794
21,2.20564,0
35,2.203223,0
46,2.195972,0
86,2.208862,4.819177
161,2.191943,10.76714
51,2.20564,1.834254
37,2.207251,0
55,2.206445,2.288686
167,2.206445,11.22727
254,2.204834,19.27618
130,2.208057,8.306301
249,2.206445,19.74776
229,2.190332,16.66327
4,2.193554,0
125,2.191943,7.840065
26,2.208057,0
85,2.206445,4.838475
205,2.196777,14.64025
74,2.199194,3.966477
180,2.204834,13.11883
156,2.208862,10.56026
75,2.208862,3.889265
78,2.203223,4.138227
78,2.206445,4.032905
118,2.19436,7.47219
224,2.20564,16.22321
141,2.207251,9.347085
218,2.196777,15.53583
203,2.208057,14.60418
253,2.208862,19.63864
151,2.206445,10.25043
127,2.189526,8.243356
14,2.207251,0
97,2.20564,5.708313
78,2.206445,4.288594
53,2.20564,2.213081
218,2.204834,15.85654
108,2.202417,6.818374
176,2.20564,12.49331
95,2.208862,5.648965
48,2.202417,1.717924
36,2.208862,0
146,2.209668,9.433986
247,2.210474,19.55527
221,2.204834,15.98173
175,2.206445,12.15288
166,2.207251,11.53183
131,2.207251,8.688177
166,2.212891,11.56409
68,2.190332,3.282312
238,2.204834,17.84043
181,2.207251,13.06471
161,2.20564,10.85404
213,2.208057,15.30483
8,2.207251,0
148,2.206445,10.16046
96,2.206445,5.793774
91,2.204834,5.012561
99,2.204834,5.728589
208,2.208057,14.78661
228,2.208057,16.6199
107,2.203223,6.43226
41,2.206445,0
238,2.20564,18.00752
220,2.206445,15.99947
235,2.19436,17.50659
228,2.208057,16.37628
251,2.203223,19.6854
93,2.206445,5.26664
123,2.207251,7.751698
221,2.2,17.0583
97,2.201611,5.687108
72,2.203223,3.817663
246,2.199194,19.54821
77,2.207251,4.163918
92,2.206445,5.141387
21,2.208057,0
239,2.207251,18.08049
176,2.203223,12.04164
235,2.208057,17.3607
230,2.207251,16.69284
75,2.208057,3.799591
96,2.208862,5.65299
172,2.206445,11.84425
70,2.206445,3.564936
52,2.207251,2.077644
150,2.198389,9.961988
149,2.208057,9.780129
172,2.20564,11.7727
188,2.195166,13.67015
211,2.18872,15.17165
30,2.207251,0
212,2.206445,15.35781
3,2.204834,0
52,2.196777,1.912478
101,2.208862,5.683775
151,2.207251,10.05818
173,2.201611,11.86554
61,2.199194,2.770281
252,2.195166,19.25963
127,2.20564,7.941015
56,2.206445,0
129,2.207251,8.174122
59,2.206445,0
166,2.20564,11.53386
214,2.20564,15.37961
22,2.207251,0
205,2.196777,14.6802
134,2.20564,8.476496
56,2.206445,2.312732
224,2.199194,16.08533
87,2.206445,5.040921
179,2.204834,12.42041
80,2.18872,4.156261
197,2.208057,13.96996
6,2.20564,0
240,2.207251,18.37705
118,2.208862,7.442593
148,2.203223,10.22048
37,2.206445,0
5,2.19436,0
10,2.207251,0
10,2.20564,0
58,2.209668,2.389589
248,2.20564,19.30888
143,2.207251,9.241881
108,2.206445,6.630099
163,2.206445,11.00614
164,2.20564,11.3657
123,2.208057,7.909985
198,2.207251,14.26583
154,2.206445,10.51797
193,2.190332,13.63823
228,2.206445,16.66415
116,2.20564,7.38184
173,2.195972,12.31254
178,2.206445,12.42876
171,2.200806,11.98377
223,2.206445,16.49754
87,2.206445,4.767372
197,2.207251,14.11444
194,2.206445,13.62852
15,2.206445,0
2,2.207251,0
182,2.204834,12.7047
103,2.187915,6.200422
43,2.207251,1.099789
123,2.195166,7.89107
183,2.217725,12.73508
28,2.207251,0
198,2.204834,14.09658
178,2.199194,12.69741
131,2.183887,8.740826
39,2.207251,0
166,2.204834,11.51855
91,2.206445,5.098945
135,2.206445,8.844325
52,2.215308,2.08345
10,2.206445,0
73,2.209668,3.698759
166,2.204834,11.2736
210,2.207251,15.13933
11,2.21128,0
138,2.195972,9.119442
123,2.20564,7.918717
12,2.206445,0
80,2.20564,4.137561
100,2.20564,5.805273
146,2.196777,9.797759
222,2.207251,16.15813
134,2.20564,8.703341
235,2.204834,17.20384
96,2.20564,5.753138
164,2.20564,11.30273
247,2.202417,19.5278
15,2.191138,0
196,2.198389,14.14571
110,2.207251,6.78023
98,2.204834,5.809244
27,2.206445,0
53,2.192749,0
245,2.195166,19.411
232,2.191943,17.01395
124,2.207251,8.101858
185,2.207251,13.21085
69,2.20564,3.58812
230,2.204834,16.8921
78,2.192749,3.986439
206,2.195166,14.71486
87,2.20564,4.971173
168,2.21128,11.75218
157,2.206445,10.75159
87,2.202417,4.965422
26,2.208862,0
77,2.207251,4.20379
162,2.19436,11.02592
105,2.201611,6.14579
128,2.203223,7.978649
231,2.206445,17.27954
154,2.208057,10.7535
227,2.204834,16.45916
224,2.208057,16.32115
231,2.20564,16.80679
105,2.207251,6.472866
130,2.202417,8.560664
254,2.206445,19.60775
246,2.206445,18.385
51,2.204834,1.856597
233,2.20564,17.06349
20,2.204028,0
39,2.20564,0
86,2.204028,4.692895
209,2.208862,15.04248
182,2.195972,12.91646
99,2.212085,5.931249
0,2.206445,0
195,2.206445,14.12968
136,2.204834,8.950763
132,2.204834,8.75637
177,2.20564,12.69392
122,2.206445,7.800393
33,2.204834,0
64,2.207251,2.867924
142,2.20564,9.43818
95,2.208862,5.682027
133,2.207251,8.779323
28,2.190332,0
144,2.18872,9.697231
4,2.193554,0
204,2.18872,14.52061
62,2.191943,2.733212
185,2.206445,12.98672
203,2.207251,14.81255
85,2.206445,4.5458
139,2.209668,9.28718
122,2.207251,7.784235
152,2.204834,10.38035
42,2.19436,1.051442
60,2.202417,2.724296
236,2.20564,17.18107
53,2.208057,1.944151
27,2.204834,0
34,2.206445,0
200,2.20564,13.38454
218,2.207251,16.66875
225,2.209668,16.50586
248,2.206445,19.80728
182,2.204834,12.74077
178,2.206445,12.56557
188,2.209668,13.41838
131,2.191943,8.440876
169,2.204028,11.50151
236,2.204834,17.63731
204,2.208057,14.46672
105,2.20564,6.398982
51,2.191138,1.891942
83,2.208057,4.678554
67,2.232227,3.155933
5,2.208057,0
191,2.203223,13.55385
167,2.20564,11.53988
98,2.203223,5.881349
74,2.206445,3.841179
23,2.20564,0
150,2.208862,10.10724
17,2.207251,0
254,2.207251,19.56915
19,2.207251,0
118,2.20564,7.467395
185,2.208862,13.21096
223,2.208057,16.36911
198,2.196777,14.18736
183,2.207251,12.90436
148,2.207251,10.09295
211,2.199194,15.20969
6,2.206445,0
182,2.207251,12.83561
12,2.20564,0
130,2.206445,8.383661
205,2.20564,14.67965
55,2.207251,0
45,2.185498,0
223,2.213696,16.40998
204,2.206445,14.61233
247,2.208862,19.91324
181,2.207251,12.42561
181,2.204834,12.36624
198,2.190332,14.06591
138,2.2,9.278731
226,2.20564,16.62693
70,2.2,3.611964
219,2.208057,16.14733
107,2.206445,6.645216
200,2.241895,14.425
15,2.191943,0
223,2.2,16.06476
130,2.193554,8.424804
11,2.203223,0
15,2.206445,0
245,2.20564,19.81377
125,2.206445,8.106959
28,2.20564,0
251,2.21128,18.87659
172,2.20564,11.9585
110,2.204834,6.835315
74,2.2,3.876815
43,2.208057,1.284225
219,2.207251,15.6376
27,2.202417,0
206,2.20564,14.9858
67,2.204834,3.18878
174,2.208057,12.00181
88,2.204834,5.150253
71,2.207251,3.688181
76,2.201611,4.068451
149,2.207251,10.02352
73,2.206445,3.751684
196,2.203223,13.50584
61,2.206445,2.830442
53,2.206445,2.163009
4,2.207251,0
197,2.206445,13.92217
225,2.190332,16.59426
32,2.200806,0
242,2.204028,19.39686
9,2.204834,0
25,2.204834,0
254,2.207251,19.56891
38,2.208057,0
130,2.204834,8.333358
39,2.207251,0
109,2.206445,6.337843
179,2.215308,12.7889
38,2.20564,0
18,2.204834,0
132,2.20564,8.491571
129,2.20564,8.292006
251,2.203223,19.71901
51,2.207251,1.789384
172,2.191138,11.8799
127,2.193554,8.159176
91,2.204834,5.338142
198,2.195166,14.46645
141,2.204834,9.027669
2,2.190332,0
10,2.207251,0
130,2.20564,8.36491
1,2.193554,0
181,2.191943,12.52779
125,2.203223,8.032134
234,2.204834,17.0459
201,2.20564,13.66136
79,2.190332,4.327835
142,2.20564,9.294324
239,2.208057,18.3021
34,2.206445,0
121,2.204028,7.567987
154,2.207251,10.3003
141,2.20564,9.487777
230,2.20564,16.6405
110,2.207251,6.871345
171,2.199194,11.61909
127,2.186303,8.109721
21,2.207251,0
187,2.204834,13.12179
86,2.217725,4.863674
122,2.207251,7.394871
212,2.190332,15.29068
6,2.208862,0
215,2.203223,15.40842
243,2.204834,19.27594
112,2.206445,6.84425
112,2.207251,6.884838
67,2.206445,3.405808
200,2.207251,13.97232
29,2.206445,0
38,2.208862,0
2,2.204028,0
42,2.204834,1.354816
56,2.207251,2.47909
81,2.206445,4.402925
151,2.20564,10.15041
169,2.208057,11.48495
62,2.206445,2.778533
185,2.183887,12.63572
33,2.207251,0
12,2.212891,0
250,2.204028,19.19843
12,2.206445,0
217,2.191943,15.24438
39,2.199194,0
193,2.20564,13.23054
140,2.204834,9.301864
188,2.183081,13.08833
188,2.196777,13.4154
148,2.208862,10.01068
91,2.208057,5.332561
209,2.20564,14.92514
198,2.204834,14.13413
224,2.206445,16.27633
195,2.208862,13.78206
31,2.193554,0
251,2.187109,19.61118
212,2.192749,15.14356
66,2.204834,3.245776
206,2.206445,14.84544
253,2.207251,19.42829
135,2.207251,8.625062
65,2.204834,3.151412
246,2.209668,19.27287
78,2.196777,4.274869
160,2.207251,10.97653
132,2.208057,8.358768
17,2.208862,0
114,2.200806,7.153021
16,2.204834,0
43,2.208057,1.261516
160,2.206445,10.95089
215,2.183081,15.4743
117,2.206445,7.307185
52,2.20564,1.850079
16,2.212085,0
128,2.182275,8.039575
197,2.209668,14.09544
169,2.207251,11.72262
41,2.210474,0
140,2.196777,9.150252
136,2.20564,8.751393
178,2.215308,12.32133
71,2.204028,3.587464
251,2.203223,19.56136
47,2.208057,1.729582
123,2.2,7.717726
218,2.195972,15.54413
83,2.19436,4.741941
61,2.206445,2.788304
82,2.199194,4.326762
5,2.20564,0
224,2.196777,15.0445
147,2.195972,9.740105
152,2.20564,10.32827
38,2.206445,0
19,2.206445,0
92,2.20564,5.238293
236,2.206445,17.58971
130,2.203223,8.531465
14,2.198389,0
57,2.204028,2.294242
85,2.191943,4.873165
238,2.195166,18.0809
25,2.20564,0
11,2.204834,0
122,2.208057,7.737494
236,2.208862,18.39426
248,2.20564,19.63864
137,2.20564,8.842433
4,2.199194,0
115,2.204834,7.168036
2,2.206445,0
74,2.190332,4.017413
71,2.204834,3.738629
8,2.206445,0
119,2.206445,7.358428
73,2.20564,3.676424
69,2.208057,3.438011
138,2.192749,9.019479
102,2.206445,6.146776
64,2.206445,3.068333
92,2.203223,5.428388
38,2.195166,0
112,2.206445,6.934012
77,2.20564,3.982537
254,2.204834,19.94004
50,2.206445,2.015648
47,2.206445,1.674623
225,2.20564,16.55456
204,2.206445,14.79009
10,2.204834,0
200,2.20564,14.53472
6,2.206445,0
12,2.204028,0
16,2.208057,0
172,2.215308,11.94813
124,2.20564,8.023355
102,2.206445,6.119691
162,2.204834,11.21381
84,2.18872,4.738079
144,2.200806,9.838076
49,2.20564,1.863865
112,2.204834,7.037083
198,2.208862,14.16357
129,2.204834,8.162441
212,2.206445,15.35225
82,2.206445,4.511825
208,2.206445,15.05777
41,2.196777,1.003699
239,2.20564,18.31171
11,2.207251,0
217,2.200806,15.64289
200,2.204834,14.48032
246,2.200806,19.82277
162,2.20564,11.42323
6,2.206445,0
28,2.206445,0
213,2.206445,15.25401
27,2.209668,0
141,2.204834,9.507819
13,2.192749,0
65,2.196777,3.135854
31,2.204834,0
238,2.204834,17.5665
194,2.195972,13.68301
33,2.204834,0
227,2.19436,16.44796
236,2.206445,17.66051
185,2.189526,13.21196
209,2.193554,15.23595
249,2.207251,19.85309
181,2.206445,12.54499
41,2.207251,1.118414
167,2.20564,11.58994
172,2.206445,12.06542
135,2.204028,8.968087
123,2.209668,8.085718
17,2.20564,0
254,2.204028,19.79904
108,2.204834,6.423106
126,2.204834,8.026183
131,2.204028,8.632078
12,2.21853,0
159,2.204028,11.05027
239,2.204834,18.58579
148,2.206445,10.09204
168,2.217725,11.70995
109,2.219336,6.492906
196,2.20564,13.97481
64,2.20564,3.160092
112,2.190332,6.854195
87,2.18872,5.027739
226,2.203223,16.60865
101,2.206445,6.169591
74,2.208057,3.924205
225,2.196777,16.2425
94,2.20564,5.498813
123,2.221753,7.717157
241,2.191943,18.77528
185,2.206445,13.0363
39,2.203223,0
223,2.204834,16.28781
150,2.206445,10.13482
226,2.206445,16.45468
27,2.195972,0
120,2.20564,7.521278
118,2.203223,7.354363
253,2.208057,19.90971
42,2.204028,0
13,2.20564,0
57,2.204028,2.274855
121,2.219336,7.787941
38,2.206445,0
31,2.202417,0
32,2.20564,0
44,2.206445,0
19,2.208057,0
211,2.209668,15.53706
248,2.20564,19.6615
12,2.192749,0
165,2.204834,11.61625
235,2.206445,17.58302
104,2.20564,6.416625
62,2.206445,2.723913
104,2.192749,6.295373
135,2.207251,8.94373
176,2.206445,12.27856
144,2.206445,9.979202
137,2.206445,8.884997
19,2.204834,0
25,2.201611,0
201,2.204834,14.26842
152,2.195972,10.76891
28,2.206445,0
123,2.201611,8.006466
107,2.202417,6.761436
184,2.203223,12.77184
57,2.217725,2.472418
91,2.206445,5.132668
216,2.20564,15.65536
236,2.207251,17.41035
194,2.187109,13.7823
227,2.208057,16.45071
155,2.206445,10.62807
13,2.208057,0
13,2.20564,0
185,2.20564,13.02614
79,2.208862,4.260873
113,2.195972,7.023396
209,2.206445,15.02665
161,2.206445,11.06639
97,2.20564,5.885227
18,2.204834,0
134,2.206445,8.591568
240,2.209668,18.50739
203,2.20564,15.00426
43,2.207251,0
241,2.20564,19.00356
44,2.208057,1.438747
62,2.209668,2.760039
211,2.20564,15.01301
22,2.217725,0
149,2.206445,10.19534
63,2.189526,2.792745
81,2.208057,4.431769
35,2.207251,0
33,2.20564,0
172,2.207251,12.1012
81,2.21128,4.530512
7,2.208057,0
108,2.207251,6.552575
175,2.201611,11.9899
16,2.204834,0
38,2.192749,0
163,2.202417,11.16098
121,2.220948,7.732505
166,2.212891,11.36504
100,2.204834,5.936247
246,2.206445,19.71208
203,2.189526,14.21124
249,2.206445,19.5329
91,2.204834,5.191788
173,2.207251,12.25481
199,2.20564,14.26635
216,2.206445,15.42855
67,2.20564,3.256063
168,2.192749,11.50244
31,2.20564,0
239,2.208057,18.46909
154,2.207251,10.60596
151,2.187109,10.34862
211,2.215308,15.08119
217,2.20564,16.06016
176,2.208862,12.21231
201,2.19436,14.64708
5,2.208057,0
113,2.206445,7.147976
215,2.203223,15.80851
80,2.208057,4.451916
86,2.20564,4.707874
228,2.19436,16.64156
52,2.20564,2.084874
56,2.20564,2.420375
241,2.201611,18.95129
230,2.20564,16.79799
114,2.180664,7.22079
9,2.208057,0
193,2.204834,13.84193
79,2.199194,4.234272
221,2.206445,16.02347
156,2.208057,10.58538
192,2.206445,13.52421
224,2.18872,16.2326
29,2.2,0
120,2.203223,7.463599
102,2.206445,5.978975
182,2.204834,12.87812
96,2.204028,5.614639
180,2.199194,12.73436
83,2.20564,4.626167
96,2.207251,5.711405
214,2.212085,15.45025
146,2.204834,9.737145
153,2.20564,10.45845
167,2.208057,11.38192
110,2.204834,6.969206
160,2.20564,10.91627
85,2.206445,4.75414
220,2.203223,15.69776
49,2.20564,0
85,2.206445,4.918884
47,2.204834,0
65,2.202417,3.096642
132,2.208057,8.749687
229,2.192749,16.57553
248,2.200806,19.91678
13,2.202417,0
130,2.207251,8.551717
171,2.190332,11.96496
36,2.207251,0
201,2.204834,15.32155
77,2.203223,3.930774
79,2.209668,4.143149
0,2.208057,0
57,2.20564,0
107,2.203223,6.462587
5,2.210474,0
217,2.20564,15.4641
87,2.206445,5.015683
132,2.207251,8.570052
153,2.203223,10.3183
4,2.206445,0
11,2.214502,0
131,2.207251,8.485471
77,2.208057,4.034801
243,2.206445,19.40285
66,2.193554,3.273938
186,2.206445,13.15377
11,2.201611,0
74,2.207251,3.833595
15,2.207251,0
142,2.198389,9.432059
110,2.207251,6.685264
9,2.206445,0
204,2.20564,14.42183
225,2.206445,16.54097
172,2.206445,11.79817
225,2.209668,16.30878
106,2.20564,6.5901
60,2.20564,2.506465
84,2.206445,4.654377
122,2.208862,7.609453
229,2.220142,16.55177
164,2.2,11.28478
149,2.201611,9.974323
220,2.21128,16.27987
21,2.208057,0
114,2.201611,7.212998
128,2.206445,8.418528
59,2.206445,2.525433
125,2.207251,7.924071
157,2.204834,10.40545
14,2.206445,0
176,2.203223,12.17936
218,2.183081,15.69604
75,2.206445,3.771275
249,2.206445,19.69947
151,2.2,10.17658
161,2.208057,11.12265
88,2.207251,4.957618
255,2.207251,19.72767
64,2.196777,3.071573
118,2.20564,7.46633
104,2.206445,6.520398
183,2.204834,12.97932
2,2.20564,0
209,2.20564,14.99023
149,2.206445,10.08336
131,2.191138,8.482218
134,2.206445,9.003297
115,2.212085,7.116306
132,2.204834,8.659918
89,2.196777,5.057525
40,2.207251,1.157884
66,2.206445,3.067003
111,2.207251,6.852311
21,2.206445,0
125,2.204834,7.936482
114,2.208057,7.172194
114,2.206445,7.03434
197,2.204834,13.95879
72,2.198389,3.678309
35,2.203223,0
107,2.204834,6.599957
184,2.207251,12.84422
105,2.21128,6.170367
233,2.204028,17.40359
167,2.207251,11.34141
43,2.204834,0
166,2.202417,11.47681
123,2.198389,7.932394
209,2.20564,14.07158
84,2.204834,4.656254
213,2.189526,15.09104
17,2.20564,0
40,2.204028,0
1,2.195972,0
188,2.20564,12.99575
174,2.206445,12.05347
244,2.208057,19.54383
15,2.20564,0
127,2.192749,8.060616
15,2.204834,0
46,2.206445,0
155,2.212891,10.5487
130,2.204834,8.448548
78,2.20564,4.334499
103,2.208057,6.191355
205,2.203223,14.62825
239,2.207251,18.37963
53,2.195972,2.160346
121,2.204834,7.529607
143,2.208862,9.4942
243,2.200806,19.58892
183,2.209668,12.96186
33,2.203223,0
61,2.208057,2.925934
155,2.203223,10.58239
199,2.196777,14.36354
163,2.208057,11.04367
116,2.208057,7.418446
163,2.190332,11.20924
164,2.204834,11.22398
141,2.207251,9.500977
119,2.193554,7.66272
64,2.212891,2.858545
90,2.196777,5.238275
31,2.20564,0
60,2.207251,2.623793
205,2.208057,14.3684
53,2.204834,2.06275
209,2.203223,14.9621
124,2.213696,7.97804
56,2.20564,2.483449
220,2.20564,15.88589
136,2.207251,8.818803
162,2.204834,11.2593
169,2.204834,11.80642
147,2.206445,9.934707
205,2.206445,14.82569
7,2.204834,0
192,2.2,13.5935
54,2.204834,2.332878
108,2.191943,6.65603
243,2.204834,19.70886
186,2.202417,13.04356
64,2.204834,3.126156
35,2.20564,0
157,2.206445,10.73997
76,2.21128,3.894752
1,2.20564,0
108,2.209668,6.418303
83,2.20564,4.693091
60,2.208057,2.700861
198,2.204834,14.26777
15,2.21128,0
73,2.20564,3.899364
185,2.207251,12.88425
139,2.20564,9.238674
145,2.20564,9.735155
62,2.203223,2.726722
110,2.18872,6.852968
220,2.203223,15.80739
191,2.206445,13.66456
11,2.195166,0
220,2.198389,16.10264
62,2.203223,2.969291
132,2.203223,8.690724
149,2.195972,10.09632
198,2.206445,14.1503
33,2.20564,0
197,2.206445,13.92698
8,2.206445,0
240,2.219336,18.71332
232,2.20564,17.73428
0,2.204834,0
221,2.206445,16.20765
23,2.196777,0
45,2.21853,1.345219
148,2.20564,9.904763
154,2.204834,10.29787
211,2.206445,15.2361
225,2.21128,16.4378
175,2.20564,11.73918
105,2.207251,6.16117
250,2.207251,19.64085
170,2.208057,12.03555
35,2.207251,0
102,2.190332,6.15441
55,2.189526,2.072507
131,2.20564,8.397825
222,2.204834,15.98873
204,2.20564,14.84881
50,2.207251,1.898868
193,2.204834,13.47074
162,2.208057,11.26681
7,2.183887,0
43,2.203223,0
39,2.20564,0
248,2.204028,19.69256
211,2.20564,15.2013
167,2.196777,11.52734
124,2.204834,8.122301
12,2.187915,0
250,2.20564,19.46802
2,2.206445,0
152,2.202417,10.32766
99,2.189526,5.920027
144,2.190332,9.507532
125,2.20564,7.965418
0,2.208057,0
5,2.209668,0
219,2.208057,15.73014
59,2.204834,2.732942
53,2.20564,2.182301
56,2.207251,2.455121
240,2.204834,18.57107
115,2.206445,7.176551
234,2.206445,17.17299
83,2.187915,4.640914
163,2.204834,11.21965
241,2.200806,18.74638
149,2.208057,9.787808
207,2.20564,14.90192
173,2.204834,12.03362
10,2.190332,0
221,2.207251,16.35446
45,2.198389,1.428252
130,2.204834,8.444007
154,2.207251,10.53547
31,2.204028,0
36,2.206445,0
218,2.208862,16.13655
156,2.206445,11.21493
224,2.20564,17.4063
52,2.198389,1.945671
14,2.204834,0
146,2.207251,9.991644
153,2.207251,10.49689
248,2.207251,19.9193
164,2.19436,11.2215
48,2.207251,0
210,2.206445,15.23862
169,2.212085,11.93505
54,2.20564,2.354043
27,2.206445,0
139,2.193554,9.016891
231,2.206445,16.74016
213,2.207251,15.2583
13,2.20564,0
35,2.207251,0
130,2.206445,8.655861
18,2.200806,0
16,2.206445,0
131,2.191943,8.538375
39,2.204834,0
114,2.189526,7.094162
227,2.190332,16.52739
79,2.202417,4.403604
157,2.212891,10.65973
103,2.208862,6.078322
187,2.206445,13.54929
3,2.203223,0
31,2.203223,0
172,2.207251,11.92998
216,2.207251,15.41356
239,2.209668,18.55987
248,2.206445,19.53727
138,2.195972,9.192932
241,2.256397,18.62435
98,2.208057,5.846978
109,2.207251,6.840405
212,2.203223,15.27759
230,2.193554,16.9594
1,2.198389,0
120,2.207251,7.741498
59,2.20564,2.690333
115,2.206445,7.20083
91,2.206445,5.189833
60,2.20564,2.675477
64,2.204834,3.155597
167,2.20564,11.55983
38,2.193554,0
76,2.204834,4.064851
138,2.206445,8.944291
236,2.207251,17.54394
54,2.206445,2.119244
22,2.204834,0
98,2.20564,5.688076
195,2.202417,13.86968
105,2.253175,6.289903
51,2.203223,1.863878
39,2.206445,0
161,2.207251,10.9872
56,2.206445,2.483995
201,2.195972,14.28334
21,2.206445,0
106,2.203223,6.276407
105,2.190332,6.405035
34,2.208057,0
219,2.20564,15.78801
235,2.207251,17.22761
31,2.207251,0
35,2.198389,0
222,2.208862,16.21936
224,2.192749,16.36485
68,2.208057,3.251412
138,2.213696,9.22706
213,2.204834,15.25001
177,2.206445,12.39805
174,2.207251,12.11389
39,2.208862,0
17,2.20564,0
170,2.195166,11.70132
46,2.207251,1.287143
225,2.204834,16.24133
195,2.18872,13.82415
226,2.206445,15.77596
228,2.207251,16.76267
108,2.203223,6.548559
230,2.206445,16.62447
14,2.212891,0
209,2.204834,15.22399
133,2.206445,8.649283
8,2.21128,0
115,2.206445,7.247242
5,2.206445,0
98,2.204028,5.982664
73,2.20564,3.917393
73,2.20564,3.887638
70,2.195972,3.597933
225,2.207251,16.4709
118,2.206445,7.426758
93,2.20564,5.454684
141,2.209668,9.458696
196,2.189526,14.01396
155,2.206445,10.83076
69,2.189526,3.572005
222,2.198389,16.33796
89,2.207251,4.971441
239,2.207251,18.44047
193,2.20564,12.75846
119,2.20564,7.602307
86,2.208057,4.895353
146,2.206445,9.629107
123,2.207251,7.672265
23,2.19436,0
129,2.207251,8.344204
176,2.193554,12.32761
170,2.212085,11.70062
75,2.208057,3.911297
49,2.206445,0
143,2.20564,9.570032
62,2.206445,2.913414
173,2.204028,11.97436
172,2.204834,11.77076
1,2.204834,0
195,2.203223,13.77734
14,2.207251,0
51,2.206445,1.841613
152,2.204834,10.03832
162,2.191943,11.14372
13,2.200806,0
201,2.20564,14.48112
40,2.191138,0
11,2.195166,0
43,2.21128,0
35,2.20564,0
148,2.20564,9.969006
104,2.20564,6.31923
101,2.208862,6.059797
11,2.195166,0
195,2.21128,13.90898
68,2.212085,3.433908
22,2.204834,0
220,2.202417,16.02036
117,2.204834,7.154423
17,2.20564,0
41,2.206445,1.289611
8,2.208862,0
219,2.206445,16.54044
14,2.186303,0
3,2.195166,0
152,2.187915,10.34119
252,2.207251,19.36744
212,2.21128,15.29232
21,2.20564,0
187,2.19436,13.5942
84,2.204834,4.665409
72,2.20564,3.817263
40,2.206445,1.027197
81,2.207251,4.509015
152,2.206445,10.29801
106,2.206445,6.555775
174,2.204834,12.41001
255,2.189526,19.59161
10,2.206445,0
170,2.204834,11.6087
115,2.189526,7.116402
105,2.204834,6.218193
58,2.20564,2.588357
183,2.206445,12.93316
42,2.191943,0
129,2.208862,8.396209
50,2.206445,1.822703
46,2.20564,1.667648
93,2.20564,5.350307
53,2.2,2.153776
31,2.20564,0
207,2.203223,14.84544
16,2.19436,0
179,2.208862,12.51042
31,2.207251,0
140,2.212085,9.386238
228,2.206445,16.56748
184,2.20564,12.85567
151,2.193554,10.1754
84,2.195972,4.858904
0,2.206445,0
149,2.20564,10.03108
175,2.19436,11.86017
58,2.208057,2.467017
117,2.193554,7.385866
110,2.20564,6.865729
103,2.204834,6.053399
101,2.212891,5.874332
52,2.208862,1.858154
147,2.193554,9.861917
202,2.212085,14.37524
71,2.199194,3.714749
58,2.191943,2.374274
166,2.204834,11.62606
241,2.20564,18.82005
180,2.206445,12.78255
208,2.206445,15.03687
104,2.20564,6.214159
243,2.207251,19.80428
157,2.20564,10.59816
188,2.207251,13.28886
156,2.20564,10.60761
83,2.2,4.492816
236,2.20564,17.55845
219,2.20564,15.98466
111,2.20564,6.94975
142,2.198389,9.327548
91,2.204834,5.434981
165,2.204834,11.53403
60,2.206445,2.794231
220,2.208057,16.00861
204,2.206445,14.79441
163,2.206445,10.76507
43,2.20564,1.219185
24,2.207251,0
153,2.207251,10.4689
204,2.208057,14.65131
176,2.203223,12.322
181,2.204834,12.57402
18,2.192749,0
48,2.209668,0
202,2.203223,14.23287
13,2.206445,0
91,2.206445,5.302177
15,2.191943,0
6,2.20564,0
18,2.204834,0
116,2.207251,7.33561
85,2.204834,4.783034
48,2.207251,1.796767
116,2.20564,7.280328
229,2.206445,16.98727
146,2.191138,9.878601
111,2.19436,6.833323
25,2.207251,0
173,2.204834,12.02496
253,2.20564,20.03695
128,2.207251,8.350636
204,2.212085,14.60377
78,2.195972,4.194607
253,2.207251,19.6053
236,2.208057,17.60529
136,2.192749,9.020618
214,2.204834,15.2883
57,2.206445,2.486495
91,2.206445,5.282811
203,2.196777,14.32542
207,2.19436,15.13787
200,2.207251,14.30064
31,2.203223,0
44,2.20564,0
228,2.198389,16.61603
211,2.206445,15.31006
48,2.20564,1.782005
16,2.187915,0
108,2.193554,6.76525
6,2.206445,0
82,2.201611,4.347804
254,2.20564,19.91122
111,2.20564,7.311131
112,2.207251,7.114339
97,2.204834,5.901633
178,2.201611,12.63602
106,2.206445,6.293734
124,2.203223,7.860545
143,2.204834,9.734551
43,2.206445,1.342423
215,2.20564,15.35916
20,2.189526,0
101,2.20564,5.959806
62,2.212891,3.01379
91,2.187915,5.230618
94,2.198389,5.431485
44,2.206445,0
112,2.208057,6.919259
113,2.207251,7.057348
12,2.207251,0
24,2.207251,0
174,2.195972,12.18134
217,2.20564,15.6323
90,2.207251,5.179412
182,2.204834,12.84285
71,2.187109,3.737776
33,2.204834,0
127,2.20564,8.256399
86,2.208057,4.756357
40,2.206445,1.117439
154,2.20564,10.48589
153,2.208057,10.44683
36,2.206445,0
146,2.198389,9.889236
132,2.18872,8.721753
199,2.209668,14.19095
84,2.203223,4.646804
215,2.202417,15.75065
223,2.207251,16.13887
193,2.204028,13.70713
74,2.208057,3.905326
15,2.204834,0
246,2.204834,19.58452
187,2.203223,12.9189
214,2.20564,15.28562
157,2.190332,10.63858
35,2.206445,0
199,2.20564,14.20918
145,2.206445,9.511101
84,2.206445,4.745121
13,2.208057,0
3,2.191138,0
161,2.191943,11.00198
16,2.195972,0
8,2.204834,0
2,2.206445,0
57,2.20564,2.385119
9,2.204028,0
185,2.203223,12.50923
102,2.207251,6.203287
226,2.206445,16.7316
84,2.206445,4.540307
116,2.207251,7.373662
127,2.207251,8.216494
207,2.20564,13.97108
34,2.207251,0
185,2.195166,13.1185
60,2.204028,2.520153
138,2.204028,9.142797
104,2.204834,6.373666
166,2.208057,11.49764
82,2.185498,4.613598
215,2.204028,15.36006
207,2.208862,15.01933
135,2.208862,8.756956
83,2.191943,4.732625
147,2.207251,9.837644
202,2.204834,14.47739
66,2.206445,3.076205
33,2.208057,0
85,2.206445,4.866959
142,2.20564,9.228307
197,2.206445,13.85597
100,2.20564,5.860743
124,2.193554,7.836663
36,2.191943,0
68,2.206445,3.42917
93,2.206445,5.516695
221,2.209668,15.96727
234,2.20564,17.17036
222,2.206445,16.05179
39,2.20564,1.103482
160,2.204028,10.79585
136,2.206445,9.123732
139,2.204834,9.047532
220,2.20564,15.79722
191,2.207251,13.69673
205,2.206445,14.70521
234,2.204834,17.3312
217,2.203223,15.78674
52,2.204834,2.123524
234,2.204834,17.1445
72,2.207251,3.521799
21,2.189526,0
243,2.202417,19.32836
92,2.207251,5.401935
104,2.19436,6.439986
203,2.204834,14.64598
67,2.206445,3.384039
99,2.207251,5.937841
238,2.207251,17.97065
249,2.206445,19.86238
104,2.198389,6.502825
185,2.204834,12.99661
10,2.203223,0
126,2.192749,7.976177
104,2.206445,6.190404
19,2.204834,0
221,2.20564,15.86535
249,2.196777,19.99868
16,2.204834,0
107,2.21128,6.497015
66,2.204028,3.18272
129,2.207251,8.247079
53,2.212891,1.968767
58,2.191943,2.532848
50,2.204834,1.804573
29,2.204834,0
80,2.200806,4.385409
240,2.2,18.63938
167,2.206445,11.54098
190,2.182275,13.34633
90,2.206445,5.383477
56,2.195166,0
90,2.193554,5.240215
87,2.20564,5.048162
162,2.206445,11.0432
77,2.20564,4.165862
64,2.204834,3.007564
240,2.20564,17.59858
166,2.208057,11.51982
99,2.204834,5.963675
221,2.207251,16.05983
100,2.206445,6.099872
7,2.20564,0
179,2.192749,12.49172
177,2.20564,12.30993
134,2.204834,8.98517
169,2.193554,11.78471
22,2.204028,0
79,2.206445,4.391355
195,2.206445,14.01096
45,2.2,1.329636
32,2.20564,0
37,2.20564,0
124,2.20564,7.806868
131,2.189526,8.482538
160,2.204834,10.56608
128,2.199194,8.253231
242,2.208057,19.67233
124,2.204834,8.10989
207,2.206445,15.69776
245,2.189526,19.57745
8,2.198389,0
135,2.20564,8.743649
11,2.204834,0
81,2.206445,4.54183
98,2.19436,5.876639
86,2.207251,4.949105
88,2.217725,4.966223
238,2.198389,17.72608
230,2.206445,16.91302
146,2.198389,9.929181
9,2.20564,0
212,2.204028,15.43887
147,2.20564,9.771794
221,2.206445,15.08061
91,2.208862,5.410942
73,2.206445,3.838016
1,2.207251,0
34,2.208057,0
171,2.208057,11.89475
141,2.204834,9.220561
200,2.20564,14.44836
32,2.206445,0
163,2.186303,11.36957
141,2.207251,9.642053
245,2.207251,20.13428
149,2.206445,10.6572
36,2.208057,0
131,2.193554,8.545297
213,2.20564,15.38925
154,2.212891,10.65214
243,2.207251,19.5538
65,2.19436,2.933995
195,2.206445,13.89778
78,2.191943,4.03037
157,2.20564,10.72875
215,2.204834,15.50332
147,2.207251,9.747055
122,2.208862,7.758245
51,2.195166,1.773208
225,2.208057,16.31742
154,2.207251,10.51101
233,2.206445,16.93544
65,2.199194,3.194721
121,2.204028,7.642327
217,2.206445,15.6323
72,2.206445,3.611391
172,2.198389,11.9346
142,2.20564,9.623268
109,2.208862,6.624171
137,2.20564,9.175533
70,2.20564,3.598279
164,2.215308,11.32285
65,2.206445,3.208929
124,2.207251,8.140908
130,2.206445,8.577259
187,2.202417,13.22141
122,2.202417,7.673388
248,2.206445,19.69922
244,2.189526,19.59454
13,2.199194,0
98,2.20564,5.972701
3,2.208057,0
173,2.196777,12.22714
30,2.207251,0
86,2.207251,4.669138
192,2.185498,13.60798
179,2.196777,12.34107
34,2.186303,0
227,2.190332,16.48663
139,2.208057,8.63445
248,2.206445,19.82077
207,2.20564,14.90079
160,2.206445,11.03855
42,2.202417,0
62,2.198389,2.866888
156,2.20564,10.6761
208,2.19436,14.13222
124,2.206445,7.962914
13,2.206445,0
147,2.206445,9.823126
230,2.207251,16.68061
220,2.206445,15.78722
95,2.20564,5.474303
47,2.206445,0
136,2.206445,9.009856
230,2.206445,16.11734
74,2.206445,4.0345
140,2.20564,9.32489
77,2.20564,4.161227
31,2.19436,0
95,2.191943,5.451315
163,2.20564,11.33846
0,2.208057,0
69,2.20564,3.57516
211,2.206445,15.29649
85,2.206445,4.838624
61,2.216114,2.898496
86,2.185498,4.731072
131,2.208057,8.520867
255,2.20564,19.62024
21,2.206445,0
54,2.18872,2.202729
30,2.204834,0
132,2.20564,8.652761
185,2.20564,13.01977
155,2.206445,10.5928
176,2.192749,12.44747
39,2.207251,0
107,2.187915,6.443844
12,2.206445,0
88,2.208057,5.14169
22,2.207251,0
168,2.206445,11.5107
36,2.208862,0
9,2.207251,0
116,2.20564,7.277225
119,2.207251,7.460798
184,2.204834,12.89144
126,2.20564,8.136692
185,2.190332,13.18634
234,2.207251,17.50289
27,2.206445,0
157,2.208057,10.79355
98,2.204834,5.949603
136,2.204834,8.972442
20,2.203223,0
220,2.20564,15.95057
196,2.206445,13.84096
104,2.206445,6.454726
156,2.204834,10.81682
30,2.192749,0
59,2.203223,0
88,2.192749,4.87191
249,2.208057,19.60359
161,2.208057,11.29834
122,2.204834,7.904333
100,2.215308,5.996505
233,2.209668,17.24255
23,2.208057,0
148,2.195972,10.04455
138,2.204834,9.117695
27,2.207251,0
177,2.20564,12.36838
193,2.203223,13.92797
210,2.206445,15.29723
139,2.206445,9.372964
149,2.207251,10.18668
12,2.204834,0
50,2.206445,1.933933
211,2.204834,15.35285
253,2.204834,19.80079
29,2.208862,0
206,2.196777,14.63629
1,2.20564,0
138,2.196777,9.30903
234,2.202417,17.44515
183,2.206445,12.97139
166,2.204834,11.5259
153,2.203223,10.53745
77,2.206445,4.220824
48,2.191943,1.861629
102,2.20564,6.246159
103,2.206445,6.380838
185,2.206445,12.84979
95,2.206445,5.417268
121,2.20564,7.831466
38,2.18872,0
70,2.18872,3.655829
231,2.207251,16.96966
174,2.206445,12.24592
109,2.203223,6.712432
202,2.197583,14.86877
7,2.20564,0
175,2.206445,12.16304
45,2.204834,0
246,2.219336,19.77038
178,2.220142,12.64487
172,2.200806,12.18805
133,2.183081,8.568043
40,2.20564,1.09856
81,2.195166,4.47477
149,2.198389,10.04808
88,2.20564,4.83569
207,2.207251,15.04421
203,2.207251,14.88878
203,2.202417,14.50881
114,2.198389,7.237525
20,2.202417,0
5,2.206445,0
74,2.201611,3.948778
164,2.20564,11.10425
227,2.20564,16.53888
202,2.206445,14.44995
195,2.206445,13.96239
49,2.204834,1.795153
142,2.206445,9.361681
91,2.190332,5.319522
174,2.192749,12.1253
6,2.18872,0
195,2.208057,13.81272
171,2.20564,11.92382
74,2.208057,3.910498
143,2.190332,9.411941
183,2.207251,13.05407
31,2.20564,0
4,2.2,0
164,2.20564,11.05455
29,2.20564,0
136,2.20564,9.084263
12,2.206445,0
8,2.190332,0
11,2.200806,0
96,2.199194,5.611129
172,2.20564,11.8616
13,2.206445,0
164,2.206445,10.68133
111,2.196777,6.851116
243,2.208057,19.51469
221,2.190332,16.12794
124,2.191943,8.048225
65,2.208862,3.205556
255,2.204028,19.36768
51,2.208862,0
252,2.20564,19.93068
231,2.204834,17.35131
165,2.208057,11.27255
168,2.21128,11.67496
110,2.199194,6.840762
47,2.200806,1.381267
186,2.199194,13.29122
91,2.209668,5.118118
25,2.207251,0
201,2.198389,14.27698
1,2.198389,0
26,2.203223,0
98,2.187915,5.753538
26,2.204834,0
104,2.204028,6.34914
242,2.206445,18.95609
64,2.189526,3.06771
171,2.206445,11.81334
195,2.207251,13.60633
83,2.206445,4.649004
70,2.208862,3.467228
78,2.20564,4.119916
4,2.193554,0
228,2.207251,16.47107
77,2.204834,4.217481
67,2.20564,3.201499
181,2.200806,12.8153
105,2.207251,6.513287
228,2.195972,16.6076
152,2.206445,10.11082
8,2.207251,0
97,2.206445,5.672383
67,2.207251,3.386497
74,2.206445,3.939835
32,2.20564,0
230,2.21853,16.7074
178,2.203223,12.61603
251,2.206445,19.74429
60,2.208057,2.588131
66,2.20564,3.340499
0,2.207251,0
200,2.182275,14.29569
123,2.208057,8.077112
202,2.212085,14.55223
84,2.208057,4.76211
158,2.204834,10.90876
161,2.195166,10.87892
12,2.207251,0
32,2.195166,0
171,2.190332,11.72087
183,2.192749,13.14716
225,2.187915,16.48992
116,2.204834,7.269278
197,2.208057,14.23571
189,2.199194,13.37884
88,2.208057,5.161287
114,2.206445,7.053482
223,2.206445,16.21769
234,2.20564,17.44748
58,2.193554,2.364539
142,2.196777,9.664596
165,2.206445,11.30126
191,2.20564,13.42102
118,2.206445,7.687735
140,2.20564,9.473529
219,2.206445,15.93488
86,2.200806,4.870551
153,2.204834,10.46618
90,2.206445,5.223156
109,2.204834,6.761319
160,2.206445,10.87418
62,2.204028,2.930776
159,2.203223,10.7001
175,2.204834,12.20273
118,2.204028,7.536
250,2.195166,19.98113
110,2.20564,6.729254
44,2.204834,0
222,2.203223,16.00192
208,2.19436,14.89372
12,2.20564,0
141,2.207251,9.402137
212,2.20564,15.36456
143,2.207251,9.639804
167,2.20564,11.56903
163,2.216114,11.1916
240,2.19436,18.68439
246,2.220142,19.51033
230,2.198389,17.09171
23,2.20564,0
113,2.203223,6.983956
99,2.192749,5.839131
78,2.204834,3.972004
16,2.206445,0
40,2.204834,0
190,2.189526,13.42871
14,2.20564,0
57,2.208057,2.371332
109,2.204834,6.602648
249,2.206445,19.75745
96,2.20564,5.667471
107,2.206445,6.33838
100,2.207251,5.832865
71,2.204028,3.610653
212,2.19436,15.34071
224,2.207251,16.37901
30,2.206445,0
234,2.208862,17.15536
214,2.206445,14.70246
191,2.19436,13.74095
50,2.195972,0
77,2.208862,4.151153
183,2.206445,12.83907
153,2.20564,10.18417
65,2.206445,3.309789
77,2.204028,4.197487
73,2.203223,3.832267
238,2.206445,17.97661
205,2.198389,15.2944
65,2.20564,3.191735
35,2.20564,0
236,2.202417,17.77884
194,2.202417,13.76696
228,2.20564,16.54689
64,2.191943,2.831708
223,2.204028,16.119
6,2.20564,0
137,2.212085,9.202519
184,2.206445,12.6571
144,2.216114,9.842082
101,2.191943,6.163515
253,2.208057,19.75546
20,2.204834,0
61,2.195972,2.55253
78,2.193554,3.987016
4,2.203223,0
3,2.201611,0
201,2.217725,14.20032
139,2.203223,8.951376
203,2.204028,14.46472
4,2.207251,0
253,2.20564,19.57184
131,2.203223,8.413073
3,2.208862,0
58,2.198389,0
212,2.192749,15.32738
24,2.20564,0
211,2.204834,14.84194
11,2.207251,0
35,2.206445,0
228,2.20564,16.83633
40,2.206445,0
1,2.206445,0
52,2.206445,0
52,2.207251,0
107,2.193554,6.358676
218,2.195972,15.73203
24,2.206445,0
76,2.199194,4.009691
208,2.208057,14.97965
107,2.20564,6.687171
135,2.207251,8.84572
74,2.208057,3.789617
107,2.206445,6.440013
54,2.206445,2.191371
68,2.198389,3.287891
11,2.204834,0
13,2.20564,0
167,2.185498,11.53394
157,2.204834,10.72523
249,2.20564,19.71901
195,2.206445,14.28243
213,2.195972,15.20528
114,2.196777,7.191007
14,2.212891,0
72,2.199194,3.828717
238,2.207251,18.40051
17,2.203223,0
175,2.204834,12.39571
175,2.202417,12.16229
79,2.207251,4.070549
213,2.208862,15.42401
65,2.202417,3.09536
50,2.201611,1.819728
67,2.196777,3.311904
35,2.189526,0
132,2.19436,8.429416
232,2.217725,17.28429
209,2.20564,14.91111
65,2.207251,3.229314
13,2.203223,0
47,2.204834,0
68,2.204834,3.306536
74,2.207251,3.87302
218,2.202417,15.75476
231,2.207251,16.55927
74,2.20564,3.841921
101,2.206445,6.004642
96,2.189526,5.492487
111,2.203223,6.996398
96,2.207251,5.627714
238,2.204834,17.9935
33,2.204834,0
82,2.20564,4.661435
50,2.20564,1.86688
251,2.206445,19.41772
152,2.191943,10.29943
129,2.207251,8.514263
33,2.208057,0
3,2.195166,0
144,2.208057,9.726775
193,2.207251,13.57529
175,2.20564,12.18673
95,2.203223,5.34863
237,2.19436,16.82317
110,2.20564,6.859103
45,2.20564,1.20569
255,2.206445,19.67233
121,2.208057,8.012142
144,2.206445,9.829149
109,2.208862,6.722026
181,2.207251,12.58822
130,2.203223,8.575293
156,2.20564,10.64384
2,2.207251,0
18,2.20564,0
128,2.204834,8.299499
73,2.206445,3.806625
172,2.18872,12.03749
192,2.207251,13.73518
77,2.203223,4.179128
254,2.208862,19.77038
219,2.207251,15.95576
88,2.206445,5.038641
74,2.20564,4.00458
151,2.214502,10.3461
126,2.20564,7.78601
154,2.206445,10.33861
29,2.203223,0
177,2.20564,11.66023
223,2.2,16.08944
202,2.207251,14.63684
99,2.181469,6.049366
21,2.207251,0
214,2.20564,15.24142
88,2.206445,5.175384
65,2.204834,3.065082
30,2.20564,0
55,2.20564,2.311011
121,2.190332,7.580991
184,2.195166,13.00317
161,2.209668,10.90952
248,2.204834,19.95701
207,2.207251,14.83339
204,2.207251,14.38603
180,2.208862,12.70809
118,2.206445,7.65376
59,2.195972,2.42687
44,2.18872,1.454749
71,2.20564,3.649976
6,2.208057,0
5,2.204028,0
167,2.209668,11.48646
216,2.208057,15.6194
35,2.199194,0
58,2.206445,2.468183
97,2.204834,5.507044
8,2.20564,0
95,2.20564,5.717954
227,2.21128,16.42354
209,2.203223,15.18646
197,2.203223,14.36472
91,2.206445,5.054075
81,2.19436,4.359206
158,2.204834,10.84594
158,2.208057,10.88389
54,2.206445,2.003812
89,2.204834,5.188153
149,2.20564,10.14798
16,2.204834,0
199,2.190332,14.45979
132,2.208057,8.697318
76,2.206445,3.932437
243,2.204834,19.4562
152,2.206445,10.47072
1,2.208057,0
234,2.20564,17.17243
143,2.187109,9.301202
103,2.195166,6.1507
92,2.204834,5.396646
206,2.208057,14.78577
138,2.206445,9.24074
71,2.204834,3.739867
46,2.217725,1.544954
95,2.204834,5.301729
148,2.191138,9.857709
71,2.206445,3.639042
119,2.192749,7.675413
168,2.202417,11.61892
19,2.206445,0
40,2.204834,0
197,2.190332,13.76117
43,2.206445,0
15,2.206445,0
222,2.206445,15.10076
76,2.206445,4.04365
251,2.204834,19.74901
100,2.203223,5.821193
83,2.202417,4.646556
142,2.213696,9.228633
15,2.20564,0
201,2.206445,14.34412
215,2.203223,15.74291
130,2.195166,8.425799
26,2.207251,0
53,2.20564,0
129,2.208862,8.548086
216,2.203223,15.45497
37,2.191943,0
146,2.204028,9.665131
42,2.195972,1.296737
23,2.204834,0
239,2.20564,18.29869
20,2.206445,0
227,2.20564,16.3773
248,2.214502,19.63103
107,2.196777,6.48765
15,2.204834,0
162,2.204834,11.23699
9,2.19436,0
152,2.192749,10.29146
184,2.20564,12.97032
87,2.187915,4.988587
252,2.206445,20.01014
129,2.204834,8.548784
38,2.185498,0
31,2.207251,0
113,2.204028,7.035915
28,2.20564,0
173,2.201611,11.99805
251,2.200806,19.72371
59,2.181469,2.677155
139,2.206445,9.09452
206,2.206445,14.93152
199,2.204834,14.27179
209,2.206445,15.08495
165,2.204834,11.5064
36,2.220142,0
9,2.18872,0
119,2.206445,7.621784
228,2.198389,16.59514
222,2.202417,16.09719
24,2.2,0
43,2.208862,0
181,2.21853,12.56888
249,2.204834,19.86916
234,2.18872,17.26416
220,2.204834,16.00861
249,2.208057,19.78507
138,2.20564,9.162955
140,2.20564,9.460292
221,2.208862,16.20949
81,2.206445,4.573914
181,2.191138,12.57351
96,2.209668,5.544914
16,2.206445,0
4,2.206445,0
78,2.203223,3.986004
216,2.203223,15.70922
8,2.191943,0
136,2.20564,8.827178
207,2.20564,14.76701
70,2.204834,3.60621
90,2.192749,5.019385
115,2.203223,7.3327
7,2.20564,0
67,2.203223,3.217869
130,2.204834,8.536241
47,2.20564,0
130,2.199194,8.509651
105,2.183887,6.515637
128,2.209668,8.426205
15,2.193554,0
46,2.198389,0
230,2.197583,16.52166
53,2.195972,2.11235
11,2.204028,0
99,2.206445,5.826029
67,2.204834,3.274512
144,2.204834,9.731294
128,2.202417,8.521839
160,2.208057,10.77105
243,2.198389,19.44512
97,2.207251,5.886726
81,2.189526,4.425489
114,2.208862,7.163101
177,2.209668,12.48785
12,2.190332,0
57,2.244312,2.446522
250,2.20564,19.88073
46,2.208057,1.570336
76,2.208057,4.001703
126,2.206445,8.193606
95,2.204834,5.493217
131,2.2,8.626673
47,2.204834,1.568203
72,2.206445,3.513763
209,2.202417,15.63744
154,2.207251,10.67545
109,2.192749,6.602537
211,2.219336,15.29604
155,2.201611,10.65084
193,2.198389,14.01859
25,2.20564,0
189,2.204834,13.5227
41,2.207251,0
134,2.204834,8.805702
206,2.203223,14.64093
71,2.204834,3.409853
196,2.20564,14.00608
116,2.195972,7.449899
137,2.204834,8.852599
118,2.206445,7.516671
47,2.18872,0
145,2.208057,10.26973
71,2.206445,3.697001
84,2.208057,4.728452
37,2.189526,0
155,2.221753,10.52354
117,2.207251,7.519514
177,2.20564,12.43269
36,2.201611,0
19,2.207251,0
235,2.207251,17.79314
42,2.204028,0
212,2.209668,15.33621
236,2.208862,17.72528
38,2.20564,0
156,2.203223,10.85059
246,2.20564,19.76441
71,2.204834,3.636288
126,2.204028,8.07653
99,2.20564,5.907093
59,2.202417,2.707154
251,2.207251,19.80578
49,2.208862,1.761202
15,2.206445,0
149,2.204834,10.06585
71,2.193554,3.41681
180,2.20564,11.87496
188,2.20564,13.35087
102,2.204834,6.006479
36,2.196777,0
202,2.200806,14.58818
125,2.191943,8.180976
45,2.189526,0
100,2.203223,6.086471
7,2.198389,0
93,2.208057,5.439158
180,2.196777,12.94061
94,2.20564,5.446363
27,2.207251,0
80,2.20564,4.45621
50,2.198389,1.942644
94,2.191138,5.305938
225,2.202417,16.09241
214,2.20564,15.44463
169,2.199194,11.74779
94,2.206445,5.596695
72,2.2,3.675676
46,2.204834,1.377395
181,2.206445,12.91911
83,2.20564,4.730645
219,2.199194,16.16428
138,2.196777,8.952038
19,2.206445,0
80,2.207251,4.416629
128,2.208862,8.402857
162,2.203223,11.16598
238,2.207251,17.94806
3,2.203223,0
24,2.20564,0
53,2.203223,1.977299
20,2.2,0
15,2.204834,0
150,2.206445,9.940428
3,2.201611,0
208,2.187915,14.9718
18,2.204834,0
97,2.207251,5.814857
177,2.206445,12.40579
55,2.208862,0
29,2.207251,0
165,2.21128,11.27579
182,2.206445,12.77538
7,2.206445,0
78,2.206445,4.30163
224,2.20564,16.30032
77,2.21128,4.257039
188,2.208057,13.10712
171,2.204834,11.75887
108,2.2,6.725307
201,2.204028,14.40952
169,2.191943,11.80899
157,2.216114,10.70047
50,2.20564,1.943384
232,2.207251,16.61638
154,2.208057,10.43684
42,2.20564,0
185,2.21128,12.84548
155,2.207251,10.93763
47,2.197583,1.664034
156,2.207251,10.66769
171,2.19436,12.08091
242,2.204834,19.05774
196,2.206445,13.93872
236,2.20564,17.33579
45,2.206445,0
232,2.204834,16.79332
214,2.206445,15.44236
166,2.203223,12.09663
224,2.206445,16.62887
24,2.20564,0
72,2.208057,3.861661
141,2.212085,9.27758
155,2.185498,10.59045
222,2.204834,16.13092
95,2.208057,5.593765
106,2.206445,6.571737
148,2.206445,9.988786
137,2.204834,8.942814
92,2.195972,5.420146
57,2.186303,0
27,2.204834,0
46,2.204834,0
121,2.208057,7.86519
20,2.203223,0
253,2.204834,20.60196
120,2.191943,7.550998
48,2.20564,1.506061
60,2.204834,2.626082
21,2.20564,0
69,2.20564,3.271157
93,2.189526,5.573995
102,2.20564,6.273099
73,2.20564,3.832641
74,2.20564,3.908912
230,2.204834,16.88266
243,2.204028,19.38776
172,2.203223,12.09719
148,2.207251,9.940491
57,2.208057,2.564026
222,2.20564,15.96971
60,2.207251,2.59094
174,2.20564,12.12231
117,2.21128,7.468886
250,2.204834,19.97782
89,2.207251,4.920625
188,2.208057,13.36279
22,2.201611,0
202,2.206445,14.55196
241,2.206445,18.86707
43,2.206445,0
192,2.206445,12.89345
69,2.204834,3.615631
238,2.202417,17.93945
213,2.206445,15.12009
92,2.201611,5.118985
242,2.20564,19.0853
191,2.206445,13.47837
16,2.208862,0
224,2.206445,16.28663
145,2.206445,9.687244
218,2.208057,15.78753
247,2.21128,19.70367
45,2.207251,0
5,2.208057,0
118,2.206445,7.595507
255,2.206445,19.70169
39,2.200806,0
250,2.20564,19.78881
57,2.203223,2.533428
15,2.207251,0
168,2.20564,11.51619
122,2.208862,7.702248
88,2.20564,5.151757
67,2.204834,3.2988
1,2.204834,0
207,2.206445,14.90432
77,2.206445,4.255897
64,2.207251,2.989209
41,2.207251,0
146,2.212891,9.686349
50,2.198389,1.651282
110,2.206445,6.845921
67,2.206445,3.124663
226,2.191943,16.19845
90,2.203223,5.292369
224,2.20564,16.29964
158,2.208057,10.60489
236,2.20564,17.59464
208,2.206445,14.69888
44,2.237061,1.144013
39,2.21128,0
99,2.196777,5.786623
189,2.207251,13.35166
90,2.20564,5.087039
106,2.207251,6.536651
5,2.203223,0
110,2.20564,7.041877
68,2.20564,3.432909
196,2.198389,13.98949
56,2.203223,2.452971
57,2.206445,2.501427
40,2.207251,0
90,2.203223,5.236058
247,2.206445,19.5921
58,2.206445,2.561863
156,2.200806,10.733
146,2.21128,9.89821
237,2.199194,17.77502
234,2.206445,17.17449
82,2.209668,4.477155
170,2.21128,11.71056
109,2.20564,6.852311
233,2.190332,17.17262
12,2.203223,0
154,2.206445,10.29727
3,2.20564,0
177,2.206445,12.26265
55,2.207251,0
144,2.200806,9.436253
52,2.208057,1.887641
7,2.204834,0
245,2.206445,19.47091
142,2.208862,9.5631
212,2.20564,14.97309
175,2.20564,12.08147
49,2.200806,1.712336
154,2.208057,10.41753
68,2.191943,3.156523
120,2.207251,7.909507
91,2.203223,5.431354
246,2.213696,21.49038
213,2.203223,15.91905
156,2.204834,10.81682
30,2.192749,0
59,2.203223,0
88,2.192749,4.87191
249,2.208057,19.60359
161,2.208057,11.29834
122,2.204834,7.904333
100,2.215308,5.996505
233,2.209668,17.24255
23,2.208057,0
148,2.195972,10.04455
138,2.204834,9.117695
27,2.207251,0
177,2.20564,12.36838
193,2.203223,13.92797
210,2.206445,15.29723
139,2.206445,9.372964
149,2.207251,10.18668
12,2.204834,0
50,2.206445,1.933933
211,2.204834,15.35285
253,2.204834,19.80079
29,2.208862,0
206,2.196777,14.63629
1,2.20564,0
138,2.196777,9.30903
234,2.202417,17.44515
183,2.206445,12.97139
166,2.204834,11.5259
153,2.203223,10.53745
77,2.206445,4.220824
48,2.191943,1.861629
102,2.20564,6.246159
103,2.206445,6.380838
185,2.206445,12.84979
95,2.206445,5.417268
121,2.20564,7.831466
38,2.18872,0
70,2.18872,3.655829
231,2.207251,16.96966
174,2.206445,12.24592
109,2.203223,6.712432
202,2.197583,14.86877
7,2.20564,0
175,2.206445,12.16304
45,2.204834,0
246,2.219336,19.77038
178,2.220142,12.64487
172,2.200806,12.18805
133,2.183081,8.568043
40,2.20564,1.09856
81,2.195166,4.47477
149,2.198389,10.04808
88,2.20564,4.83569
207,2.207251,15.04421
203,2.207251,14.88878
203,2.202417,14.50881
114,2.198389,7.237525
20,2.202417,0
5,2.206445,0
74,2.201611,3.948778
164,2.20564,11.10425
227,2.20564,16.53888
202,2.206445,14.44995
195,2.206445,13.96239
49,2.204834,1.795153
142,2.206445,9.361681
91,2.190332,5.319522
174,2.192749,12.1253
6,2.18872,0
195,2.208057,13.81272
171,2.20564,11.92382
74,2.208057,3.910498
143,2.190332,9.411941
183,2.207251,13.05407
31,2.20564,0
4,2.2,0
164,2.20564,11.05455
29,2.20564,0
136,2.20564,9.084263
12,2.206445,0
8,2.190332,0
11,2.200806,0
96,2.199194,5.611129
172,2.20564,11.8616
13,2.206445,0
164,2.206445,10.68133
111,2.196777,6.851116
243,2.208057,19.51469
221,2.190332,16.12794
124,2.191943,8.048225
65,2.208862,3.205556
255,2.204028,19.36768
51,2.208862,0
252,2.20564,19.93068
231,2.204834,17.35131
165,2.208057,11.27255
168,2.21128,11.67496
110,2.199194,6.840762
47,2.200806,1.381267
186,2.199194,13.29122
91,2.209668,5.118118
25,2.207251,0
201,2.198389,14.27698
1,2.198389,0
26,2.203223,0
98,2.187915,5.753538
26,2.204834,0
104,2.204028,6.34914
242,2.206445,18.95609
64,2.189526,3.06771
171,2.206445,11.81334
195,2.207251,13.60633
83,2.206445,4.649004
70,2.208862,3.467228
78,2.20564,4.119916
4,2.193554,0
228,2.207251,16.47107
77,2.204834,4.217481
67,2.20564,3.201499
181,2.200806,12.8153
105,2.207251,6.513287
228,2.195972,16.6076
152,2.206445,10.11082
8,2.207251,0
97,2.206445,5.672383
67,2.207251,3.386497
74,2.206445,3.939835
32,2.20564,0
230,2.21853,16.7074
178,2.203223,12.61603
251,2.206445,19.74429
60,2.208057,2.588131
66,2.20564,3.340499
0,2.207251,0
200,2.182275,14.29569
123,2.208057,8.077112
202,2.212085,14.55223
84,2.208057,4.76211
158,2.204834,10.90876
161,2.195166,10.87892
12,2.207251,0
32,2.195166,0
171,2.190332,11.72087
183,2.192749,13.14716
225,2.187915,16.48992
116,2.204834,7.269278
197,2.208057,14.23571
189,2.199194,13.37884
88,2.208057,5.161287
114,2.206445,7.053482
223,2.206445,16.21769
234,2.20564,17.44748
58,2.193554,2.364539
142,2.196777,9.664596
165,2.206445,11.30126
191,2.20564,13.42102
118,2.206445,7.687735
140,2.20564,9.473529
219,2.206445,15.93488
86,2.200806,4.870551
153,2.204834,10.46618
90,2.206445,5.223156
109,2.204834,6.761319
160,2.206445,10.87418
62,2.204028,2.930776
159,2.203223,10.7001
175,2.204834,12.20273
118,2.204028,7.536
250,2.195166,19.98113
110,2.20564,6.729254
44,2.204834,0
222,2.203223,16.00192
208,2.19436,14.89372
12,2.20564,0
141,2.207251,9.402137
212,2.20564,15.36456
143,2.207251,9.639804
167,2.20564,11.56903
163,2.216114,11.1916
240,2.19436,18.68439
246,2.220142,19.51033
230,2.198389,17.09171
23,2.20564,0
113,2.203223,6.983956
99,2.192749,5.839131
78,2.204834,3.972004
16,2.206445,0
40,2.204834,0
190,2.189526,13.42871
14,2.20564,0
57,2.208057,2.371332
109,2.204834,6.602648
249,2.206445,19.75745
96,2.20564,5.667471
107,2.206445,6.33838
100,2.207251,5.832865
71,2.204028,3.610653
212,2.19436,15.34071
224,2.207251,16.37901
30,2.206445,0
234,2.208862,17.15536
214,2.206445,14.70246
191,2.19436,13.74095
50,2.195972,0
77,2.208862,4.151153
183,2.206445,12.83907
153,2.20564,10.18417
65,2.206445,3.309789
77,2.204028,4.197487
73,2.203223,3.832267
238,2.206445,17.97661
205,2.198389,15.2944
65,2.20564,3.191735
35,2.20564,0
236,2.202417,17.77884
194,2.202417,13.76696
228,2.20564,16.54689
64,2.191943,2.831708
223,2.204028,16.119
6,2.20564,0
137,2.212085,9.202519
184,2.206445,12.6571
144,2.216114,9.842082
101,2.191943,6.163515
253,2.208057,19.75546
20,2.204834,0
61,2.195972,2.55253
78,2.193554,3.987016
4,2.203223,0
3,2.201611,0
201,2.217725,14.20032
139,2.203223,8.951376
203,2.204028,14.46472
4,2.207251,0
253,2.20564,19.57184
131,2.203223,8.413073
3,2.208862,0
58,2.198389,0
212,2.192749,15.32738
24,2.20564,0
211,2.204834,14.84194
11,2.207251,0
35,2.206445,0
228,2.20564,16.83633
40,2.206445,0
1,2.206445,0
52,2.206445,0
52,2.207251,0
107,2.193554,6.358676
218,2.195972,15.73203
24,2.206445,0
76,2.199194,4.009691
208,2.208057,14.97965
107,2.20564,6.687171
135,2.207251,8.84572
74,2.208057,3.789617
107,2.206445,6.440013
54,2.206445,2.191371
68,2.198389,3.287891
11,2.204834,0
13,2.20564,0
167,2.185498,11.53394
157,2.204834,10.72523
249,2.20564,19.71901
195,2.206445,14.28243
213,2.195972,15.20528
114,2.196777,7.191007
14,2.212891,0
72,2.199194,3.828717
238,2.207251,18.40051
17,2.203223,0
175,2.204834,12.39571
175,2.202417,12.16229
79,2.207251,4.070549
213,2.208862,15.42401
65,2.202417,3.09536
50,2.201611,1.819728
67,2.196777,3.311904
35,2.189526,0
132,2.19436,8.429416
232,2.217725,17.28429
209,2.20564,14.91111
65,2.207251,3.229314
13,2.203223,0
47,2.204834,0
68,2.204834,3.306536
74,2.207251,3.87302
218,2.202417,15.75476
231,2.207251,16.55927
74,2.20564,3.841921
101,2.206445,6.004642
96,2.189526,5.492487
111,2.203223,6.996398
96,2.207251,5.627714
238,2.204834,17.9935
33,2.204834,0
82,2.20564,4.661435
50,2.20564,1.86688
251,2.206445,19.41772
152,2.191943,10.29943
129,2.207251,8.514263
33,2.208057,0
3,2.195166,0
144,2.208057,9.726775
193,2.207251,13.57529
175,2.20564,12.18673
95,2.203223,5.34863
237,2.19436,16.82317
110,2.20564,6.859103
45,2.20564,1.20569
255,2.206445,19.67233
121,2.208057,8.012142
144,2.206445,9.829149
109,2.208862,6.722026
181,2.207251,12.58822
130,2.203223,8.575293
156,2.20564,10.64384
2,2.207251,0
18,2.20564,0
128,2.204834,8.299499
73,2.206445,3.806625
172,2.18872,12.03749
192,2.207251,13.73518
77,2.203223,4.179128
254,2.208862,19.77038
219,2.207251,15.95576
88,2.206445,5.038641
74,2.20564,4.00458
151,2.214502,10.3461
126,2.20564,7.78601
154,2.206445,10.33861
29,2.203223,0
177,2.20564,11.66023
223,2.2,16.08944
202,2.207251,14.63684
99,2.181469,6.049366
21,2.207251,0
214,2.20564,15.24142
88,2.206445,5.175384
65,2.204834,3.065082
30,2.20564,0
55,2.20564,2.311011
121,2.190332,7.580991
184,2.195166,13.00317
161,2.209668,10.90952
248,2.204834,19.95701
207,2.207251,14.83339
204,2.207251,14.38603
180,2.208862,12.70809
118,2.206445,7.65376
59,2.195972,2.42687
44,2.18872,1.454749
71,2.20564,3.649976
6,2.208057,0
5,2.204028,0
167,2.209668,11.48646
216,2.208057,15.6194
35,2.199194,0
58,2.206445,2.468183
97,2.204834,5.507044
8,2.20564,0
95,2.20564,5.717954
227,2.21128,16.42354
209,2.203223,15.18646
197,2.203223,14.36472
91,2.206445,5.054075
81,2.19436,4.359206
158,2.204834,10.84594
158,2.208057,10.88389
54,2.206445,2.003812
89,2.204834,5.188153
149,2.20564,10.14798
16,2.204834,0
199,2.190332,14.45979
132,2.208057,8.697318
76,2.206445,3.932437
243,2.204834,19.4562
152,2.206445,10.47072
1,2.208057,0
234,2.20564,17.17243
143,2.187109,9.301202
103,2.195166,6.1507
92,2.204834,5.396646
206,2.208057,14.78577
138,2.206445,9.24074
71,2.204834,3.739867
46,2.217725,1.544954
95,2.204834,5.301729
148,2.191138,9.857709
71,2.206445,3.639042
119,2.192749,7.675413
168,2.202417,11.61892
19,2.206445,0
40,2.204834,0
197,2.190332,13.76117
43,2.206445,0
15,2.206445,0
222,2.206445,15.10076
76,2.206445,4.04365
251,2.204834,19.74901
100,2.203223,5.821193
83,2.202417,4.646556
142,2.213696,9.228633
15,2.20564,0
201,2.206445,14.34412
215,2.203223,15.74291
130,2.195166,8.425799
26,2.207251,0
53,2.20564,0
129,2.208862,8.548086
216,2.203223,15.45497
37,2.191943,0
146,2.204028,9.665131
42,2.195972,1.296737
23,2.204834,0
239,2.20564,18.29869
20,2.206445,0
227,2.20564,16.3773
248,2.214502,19.63103
107,2.196777,6.48765
15,2.204834,0
162,2.204834,11.23699
9,2.19436,0
152,2.192749,10.29146
184,2.20564,12.97032
87,2.187915,4.988587
252,2.206445,20.01014
129,2.204834,8.548784
38,2.185498,0
31,2.207251,0
113,2.204028,7.035915
28,2.20564,0
173,2.201611,11.99805
251,2.200806,19.72371
59,2.181469,2.677155
139,2.206445,9.09452
206,2.206445,14.93152
199,2.204834,14.27179
209,2.206445,15.08495
165,2.204834,11.5064
36,2.220142,0
9,2.18872,0
119,2.206445,7.621784
228,2.198389,16.59514
222,2.202417,16.09719
24,2.2,0
43,2.208862,0
181,2.21853,12.56888
249,2.204834,19.86916
234,2.18872,17.26416
220,2.204834,16.00861
249,2.208057,19.78507
138,2.20564,9.162955
140,2.20564,9.460292
221,2.208862,16.20949
81,2.206445,4.573914
181,2.191138,12.57351
96,2.209668,5.544914
16,2.206445,0
4,2.206445,0
78,2.203223,3.986004
216,2.203223,15.70922
8,2.191943,0
136,2.20564,8.827178
207,2.20564,14.76701
70,2.204834,3.60621
90,2.192749,5.019385
115,2.203223,7.3327
7,2.20564,0
67,2.203223,3.217869
130,2.204834,8.536241
47,2.20564,0
130,2.199194,8.509651
105,2.183887,6.515637
128,2.209668,8.426205
15,2.193554,0
46,2.198389,0
230,2.197583,16.52166
53,2.195972,2.11235
11,2.204028,0
99,2.206445,5.826029
67,2.204834,3.274512
144,2.204834,9.731294
128,2.202417,8.521839
160,2.208057,10.77105
243,2.198389,19.44512
97,2.207251,5.886726
81,2.189526,4.425489
114,2.208862,7.163101
177,2.209668,12.48785
12,2.190332,0
57,2.244312,2.446522
250,2.20564,19.88073
46,2.208057,1.570336
76,2.208057,4.001703
126,2.206445,8.193606
95,2.204834,5.493217
131,2.2,8.626673
47,2.204834,1.568203
72,2.206445,3.513763
209,2.202417,15.63744
154,2.207251,10.67545
109,2.192749,6.602537
211,2.219336,15.29604
155,2.201611,10.65084
193,2.198389,14.01859
25,2.20564,0
189,2.204834,13.5227
41,2.207251,0
134,2.204834,8.805702
206,2.203223,14.64093
71,2.204834,3.409853
196,2.20564,14.00608
116,2.195972,7.449899
137,2.204834,8.852599
118,2.206445,7.516671
47,2.18872,0
145,2.208057,10.26973
71,2.206445,3.697001
84,2.208057,4.728452
37,2.189526,0
155,2.221753,10.52354
117,2.207251,7.519514
177,2.20564,12.43269
36,2.201611,0
19,2.207251,0
235,2.207251,17.79314
42,2.204028,0
212,2.209668,15.33621
236,2.208862,17.72528
38,2.20564,0
156,2.203223,10.85059
246,2.20564,19.76441
71,2.204834,3.636288
126,2.204028,8.07653
99,2.20564,5.907093
59,2.202417,2.707154
251,2.207251,19.80578
49,2.208862,1.761202
15,2.206445,0
149,2.204834,10.06585
71,2.193554,3.41681
180,2.20564,11.87496
188,2.20564,13.35087
102,2.204834,6.006479
36,2.196777,0
202,2.200806,14.58818
125,2.191943,8.180976
45,2.189526,0
100,2.203223,6.086471
7,2.198389,0
93,2.208057,5.439158
180,2.196777,12.94061
94,2.20564,5.446363
27,2.207251,0
80,2.20564,4.45621
50,2.198389,1.942644
94,2.191138,5.305938
225,2.202417,16.09241
214,2.20564,15.44463
169,2.199194,11.74779
94,2.206445,5.596695
72,2.2,3.675676
46,2.204834,1.377395
181,2.206445,12.91911
83,2.20564,4.730645
219,2.199194,16.16428
138,2.196777,8.952038
19,2.206445,0
80,2.207251,4.416629
128,2.208862,8.402857
162,2.203223,11.16598
238,2.207251,17.94806
3,2.203223,0
24,2.20564,0
53,2.203223,1.977299
20,2.2,0
15,2.204834,0
150,2.206445,9.940428
3,2.201611,0
208,2.187915,14.9718
18,2.204834,0
97,2.207251,5.814857
177,2.206445,12.40579
55,2.208862,0
29,2.207251,0
165,2.21128,11.27579
182,2.206445,12.77538
7,2.206445,0
78,2.206445,4.30163
224,2.20564,16.30032
77,2.21128,4.257039
188,2.208057,13.10712
171,2.204834,11.75887
108,2.2,6.725307
201,2.204028,14.40952
169,2.191943,11.80899
157,2.216114,10.70047
50,2.20564,1.943384
232,2.207251,16.61638
154,2.208057,10.43684
42,2.20564,0
185,2.21128,12.84548
155,2.207251,10.93763
47,2.197583,1.664034
156,2.207251,10.66769
171,2.19436,12.08091
242,2.204834,19.05774
196,2.206445,13.93872
236,2.20564,17.33579
45,2.206445,0
232,2.204834,16.79332
214,2.206445,15.44236
166,2.203223,12.09663
224,2.206445,16.62887
24,2.20564,0
72,2.208057,3.861661
141,2.212085,9.27758
155,2.185498,10.59045
222,2.204834,16.13092
95,2.208057,5.593765
106,2.206445,6.571737
148,2.206445,9.988786
137,2.204834,8.942814
92,2.195972,5.420146
57,2.186303,0
27,2.204834,0
46,2.204834,0
121,2.208057,7.86519
20,2.203223,0
253,2.204834,20.60196
120,2.191943,7.550998
48,2.20564,1.506061
60,2.204834,2.626082
21,2.20564,0
69,2.20564,3.271157
93,2.189526,5.573995
102,2.20564,6.273099
73,2.20564,3.832641
74,2.20564,3.908912
230,2.204834,16.88266
243,2.204028,19.38776
172,2.203223,12.09719
148,2.207251,9.940491
57,2.208057,2.564026
222,2.20564,15.96971
60,2.207251,2.59094
174,2.20564,12.12231
117,2.21128,7.468886
250,2.204834,19.97782
89,2.207251,4.920625
188,2.208057,13.36279
22,2.201611,0
202,2.206445,14.55196
241,2.206445,18.86707
43,2.206445,0
192,2.206445,12.89345
69,2.204834,3.615631
238,2.202417,17.93945
213,2.206445,15.12009
92,2.201611,5.118985
242,2.20564,19.0853
191,2.206445,13.47837
16,2.208862,0
224,2.206445,16.28663
145,2.206445,9.687244
218,2.208057,15.78753
247,2.21128,19.70367
45,2.207251,0
5,2.208057,0
118,2.206445,7.595507
255,2.206445,19.70169
39,2.200806,0
250,2.20564,19.78881
57,2.203223,2.533428
15,2.207251,0
168,2.20564,11.51619
122,2.208862,7.702248
88,2.20564,5.151757
67,2.204834,3.2988
1,2.204834,0
207,2.206445,14.90432
77,2.206445,4.255897
64,2.207251,2.989209
41,2.207251,0
146,2.212891,9.686349
50,2.198389,1.651282
110,2.206445,6.845921
67,2.206445,3.124663
226,2.191943,16.19845
90,2.203223,5.292369
224,2.20564,16.29964
158,2.208057,10.60489
236,2.20564,17.59464
208,2.206445,14.69888
44,2.237061,1.144013
39,2.21128,0
99,2.196777,5.786623
189,2.207251,13.35166
90,2.20564,5.087039
106,2.207251,6.536651
5,2.203223,0
110,2.20564,7.041877
68,2.20564,3.432909
196,2.198389,13.98949
56,2.203223,2.452971
57,2.206445,2.501427
40,2.207251,0
90,2.203223,5.236058
247,2.206445,19.5921
58,2.206445,2.561863
156,2.200806,10.733
146,2.21128,9.89821
237,2.199194,17.77502
234,2.206445,17.17449
82,2.209668,4.477155
170,2.21128,11.71056
109,2.20564,6.852311
233,2.190332,17.17262
12,2.203223,0
154,2.206445,10.29727
3,2.20564,0
177,2.206445,12.26265
55,2.207251,0
144,2.200806,9.436253
52,2.208057,1.887641
7,2.204834,0
245,2.206445,19.47091
142,2.208862,9.5631
212,2.20564,14.97309
175,2.20564,12.08147
49,2.200806,1.712336
154,2.208057,10.41753
68,2.191943,3.156523
120,2.207251,7.909507
91,2.203223,5.431354
246,2.213696,21.49038
213,2.203223,15.91905
